Name,ExternalId,Test Type,Date,Time,BW [KG],Reps,Tags,Additional Load [lb],Jump Height (Imp-Mom) [cm],Contraction Time [ms] ,Peak Power / BM [W/kg] ,Bodyweight in Pounds [lbs] ,CMJ Stiffness [N/m] ,Vertical Velocity at Takeoff [m/s] ,Eccentric Braking RFD [N/s] ,Positive Impulse [N s] ,Concentric Mean Force [N] ,Concentric Impulse % (Asym) (%),Velocity at Peak Power [m/s] ,Force at Zero Velocity [N] ,Countermovement Depth [cm] ,Eccentric Braking Impulse % (Asym) (%)
Demo Athlete 07,DEMO007,CMJ,2/16/2026,10:03 AM,90.8,3,,0,49.0,838,63.02,200.3,6270,3.101,3730,329.2,2074,2.1 L,2.976,2315,-36.9,4.4 L
Demo Athlete 14,DEMO014,CMJ,2/16/2026,9:54 AM,94.4,3,,0,54.1,828,69.11,208.1,9757,3.257,6000,358.7,2561,0.0 R,3.075,2988,-30.6,3.1 R
Demo Athlete 15,DEMO015,CMJ,2/16/2026,8:50 AM,99.0,3,,0,53.1,696,69.38,218.3,6724,3.228,5323,371.8,2317,0.2 R,3.054,2578,-38.3,5.8 R
Demo Athlete 01,DEMO001,CMJ,2/17/2026,7:01 AM,82.6,3,,0,45.4,828,60.85,182.1,5196,2.983,3474,281.8,1767,1.8 L,2.849,1997,-38.4,4.5 L
Demo Athlete 02,DEMO002,CMJ,2/17/2026,8:55 AM,94.9,3,,0,47.5,771,63.41,209.3,6293,3.053,4222,336.1,2091,2.9 L,2.847,2400,-38.1,0.8 L
Demo Athlete 03,DEMO003,CMJ,2/17/2026,8:53 AM,95.1,3,,0,37.2,908,56.63,209.6,7267,2.701,3730,302.3,2006,3.5 R,2.577,2349,-32.3,2.1 L
Demo Athlete 04,DEMO004,CMJ,2/17/2026,8:02 AM,86.5,3,,0,52.1,887,65.73,190.6,7685,3.197,3860,322.4,2196,3.3 L,3.051,2520,-32.8,3.1 L
Demo Athlete 05,DEMO005,CMJ,2/17/2026,8:00 AM,81.7,3,,0,46.1,735,64.42,180.2,9145,3.008,4815,277.6,2175,6.5 L,2.800,2463,-26.9,1.0 L
Demo Athlete 08,DEMO008,CMJ,2/17/2026,8:08 AM,106.4,3,,0,42.9,891,61.15,234.5,9311,2.903,4218,351.1,2536,0.2 R,2.774,2796,-30.0,2.6 R
Demo Athlete 09,DEMO009,CMJ,2/17/2026,7:51 AM,104.6,3,,0,45.2,848,62.56,230.6,7926,2.979,4537,358.1,2377,3.1 L,2.809,2724,-34.4,1.0 L
Demo Athlete 06,DEMO006,CMJ,2/18/2026,10:23 AM,98.9,3,,0,44.7,681,62.45,218.1,10787,2.960,6224,344.4,2565,4.7 L,2.758,2933,-27.2,4.3 L
Demo Athlete 10,DEMO010,CMJ,2/18/2026,8:48 AM,83.0,3,,0,49.6,844,63.58,183.0,5981,3.120,3419,304.7,1939,0.8 L,2.988,2148,-35.9,0.7 L
Demo Athlete 12,DEMO012,CMJ,2/18/2026,10:43 AM,101.4,3,,0,34.7,703,56.35,223.6,5471,2.610,3665,297.9,1880,4.5 L,2.470,2135,-39.0,3.7 R
Demo Athlete 13,DEMO013,CMJ,2/18/2026,7:53 AM,104.6,3,,0,38.9,657,58.53,230.6,7071,2.761,5405,337.4,2163,5.9 L,2.608,2481,-35.1,2.3 L
Demo Athlete 16,DEMO016,CMJ,2/18/2026,9:46 AM,96.8,3,,0,52.2,730,65.23,213.3,10337,3.200,5920,348.8,2615,5.0 R,3.037,3075,-29.8,3.3 R
Demo Athlete 04,DEMO004,CMJ,2/23/2026,8:25 AM,86.7,3,,0,54.2,879,67.97,191.1,6301,3.260,4035,318.1,2066,1.0 L,3.102,2387,-37.9,11.0 L
Demo Athlete 11,DEMO011,CMJ,2/23/2026,10:54 AM,98.0,3,,0,43.0,846,59.91,216.0,8489,2.905,4320,331.7,2310,13.1 L,2.765,2601,-30.6,8.4 L
Demo Athlete 16,DEMO016,CMJ,2/23/2026,9:37 AM,97.0,3,,0,51.3,707,65.70,213.9,10767,3.174,5952,355.0,2701,7.3 R,2.982,3007,-27.9,5.3 R
Demo Athlete 01,DEMO001,CMJ,2/24/2026,8:43 AM,82.9,3,,0,44.1,764,62.00,182.7,5197,2.943,3506,275.6,1750,0.3 L,2.755,1990,-38.3,0.7 L
Demo Athlete 09,DEMO009,CMJ,2/24/2026,7:06 AM,105.2,3,,0,45.8,819,60.85,232.0,8225,2.997,4806,357.7,2441,0.4 L,2.788,2759,-33.5,4.9 L
Demo Athlete 13,DEMO013,CMJ,2/24/2026,8:48 AM,104.3,3,,0,41.5,692,58.43,230.0,8260,2.853,5665,334.4,2340,2.2 L,2.667,2665,-32.3,9.6 L
Demo Athlete 14,DEMO014,CMJ,2/24/2026,10:27 AM,94.2,3,,0,48.3,838,63.13,207.8,9166,3.080,4769,327.0,2384,0.8 R,2.896,2808,-30.6,5.3 R
Demo Athlete 02,DEMO002,CMJ,2/25/2026,10:31 AM,93.5,3,,0,45.3,843,61.02,206.1,6529,2.982,3670,326.5,2081,4.1 R,2.792,2330,-35.7,3.1 L
Demo Athlete 06,DEMO006,CMJ,2/25/2026,8:52 AM,98.1,3,,0,43.6,773,59.56,216.2,8653,2.925,5031,330.1,2354,5.7 L,2.806,2607,-30.1,7.3 L
Demo Athlete 07,DEMO007,CMJ,2/25/2026,7:31 AM,91.3,3,,0,49.0,825,66.31,201.2,6361,3.102,4442,327.8,2050,5.1 L,2.950,2418,-38.0,4.4 L
Demo Athlete 08,DEMO008,CMJ,2/25/2026,7:13 AM,106.1,3,,0,45.0,891,62.59,234.0,7983,2.970,4103,358.8,2412,4.9 R,2.790,2727,-34.2,2.9 R
Demo Athlete 10,DEMO010,CMJ,2/25/2026,10:51 AM,84.2,3,,0,48.5,806,63.69,185.6,6336,3.084,3863,298.2,1983,2.3 L,2.960,2192,-34.6,1.6 R
Demo Athlete 12,DEMO012,CMJ,2/25/2026,8:59 AM,102.1,3,,0,36.7,730,56.38,225.2,6412,2.685,3901,318.2,2013,1.3 L,2.498,2335,-36.4,0.0 R
Demo Athlete 15,DEMO015,CMJ,2/25/2026,9:37 AM,98.6,3,,0,54.8,720,68.20,217.4,7174,3.278,4861,372.7,2399,0.6 R,3.144,2656,-37.0,3.5 L
Demo Athlete 03,DEMO003,CMJ,3/2/2026,7:15 AM,96.6,3,,0,38.7,903,58.03,212.9,8436,2.756,4104,302.0,2195,1.6 R,2.592,2479,-29.4,4.9 L
Demo Athlete 04,DEMO004,CMJ,3/2/2026,9:05 AM,86.8,3,,0,53.5,909,66.64,191.4,6519,3.240,3892,315.2,2121,5.1 L,3.106,2340,-35.9,1.8 L
Demo Athlete 07,DEMO007,CMJ,3/2/2026,7:17 AM,91.5,3,,0,50.7,872,65.04,201.7,7064,3.154,4130,335.3,2161,4.5 L,2.941,2543,-36.0,7.3 L
Demo Athlete 09,DEMO009,CMJ,3/2/2026,9:41 AM,104.9,3,,0,44.8,868,63.91,231.3,7815,2.963,3999,365.5,2344,1.4 L,2.843,2738,-35.0,0.2 R
Demo Athlete 10,DEMO010,CMJ,3/2/2026,8:32 AM,83.8,3,,0,51.6,855,66.03,184.6,7558,3.182,4252,310.7,2159,3.8 L,3.009,2395,-31.7,2.0 R
Demo Athlete 11,DEMO011,CMJ,3/2/2026,8:45 AM,97.6,3,,0,38.7,898,58.75,215.1,8192,2.754,3646,304.4,2185,2.7 L,2.639,2470,-30.2,5.9 L
Demo Athlete 12,DEMO012,CMJ,3/2/2026,8:44 AM,101.2,3,,0,32.7,714,51.81,223.1,6124,2.533,3544,290.9,1910,3.8 R,2.414,2166,-35.4,2.8 R
Demo Athlete 15,DEMO015,CMJ,3/2/2026,7:28 AM,98.5,3,,0,48.6,737,64.61,217.2,7138,3.088,4458,358.7,2288,1.1 R,2.951,2536,-35.5,3.5 L
Demo Athlete 16,DEMO016,CMJ,3/2/2026,8:14 AM,96.5,3,,0,50.2,731,65.92,212.8,10427,3.138,6341,348.6,2615,3.4 R,2.927,2970,-28.5,0.7 R
Demo Athlete 02,DEMO002,CMJ,3/3/2026,9:03 AM,93.8,3,,0,50.2,833,64.32,206.7,8036,3.138,4605,342.0,2341,2.6 R,2.932,2610,-32.5,4.5 L
Demo Athlete 05,DEMO005,CMJ,3/3/2026,7:29 AM,81.5,3,,0,49.4,736,65.78,179.6,9005,3.114,5250,289.6,2187,3.3 L,2.922,2563,-28.5,11.3 L
Demo Athlete 06,DEMO006,CMJ,3/3/2026,8:16 AM,99.0,3,,0,41.9,778,59.04,218.3,8262,2.866,4750,326.7,2250,2.5 L,2.746,2627,-31.8,1.4 L
Demo Athlete 08,DEMO008,CMJ,3/3/2026,8:41 AM,105.2,3,,0,43.4,820,61.28,231.9,7881,2.917,4640,356.7,2355,1.1 R,2.717,2666,-33.8,3.4 R
Demo Athlete 14,DEMO014,CMJ,3/3/2026,8:15 AM,94.5,3,,0,49.8,855,63.75,208.4,8499,3.126,4629,340.6,2348,1.3 R,2.968,2763,-32.5,4.6 R
Demo Athlete 01,DEMO001,CMJ,3/4/2026,10:33 AM,83.8,3,,0,46.5,823,63.82,184.8,5723,3.020,3278,296.6,1836,1.5 R,2.852,2157,-37.7,1.4 R
Demo Athlete 01,DEMO001,CMJ,3/9/2026,9:18 AM,83.6,3,,0,48.7,804,64.16,184.3,6359,3.092,3555,294.3,1963,2.6 L,2.900,2225,-35.0,2.1 R
Demo Athlete 02,DEMO002,CMJ,3/9/2026,9:41 AM,94.2,3,,0,49.9,828,64.20,207.6,7312,3.129,4698,332.2,2216,1.3 R,2.975,2608,-35.7,3.7 L
Demo Athlete 06,DEMO006,CMJ,3/9/2026,7:58 AM,97.9,3,,0,42.2,797,61.54,215.8,7900,2.876,3883,332.0,2236,3.0 L,2.726,2507,-31.7,9.8 L
Demo Athlete 09,DEMO009,CMJ,3/9/2026,9:46 AM,106.2,3,,0,44.1,780,62.98,234.2,7821,2.943,4850,364.2,2375,0.0 R,2.806,2699,-34.5,5.1 L
Demo Athlete 10,DEMO010,CMJ,3/9/2026,8:08 AM,83.7,3,,0,46.4,841,62.52,184.6,6342,3.016,3285,295.0,1937,2.1 R,2.881,2164,-34.1,0.2 L
Demo Athlete 05,DEMO005,CMJ,3/10/2026,10:53 AM,82.6,3,,0,47.7,730,63.55,182.2,8442,3.058,4626,295.1,2162,2.9 L,2.847,2414,-28.6,4.4 L
Demo Athlete 12,DEMO012,CMJ,3/10/2026,9:37 AM,101.4,3,,0,36.2,676,56.34,223.6,5849,2.665,3764,303.9,1961,2.4 R,2.555,2180,-37.3,1.5 L
Demo Athlete 13,DEMO013,CMJ,3/10/2026,8:49 AM,104.2,3,,0,41.4,776,61.04,229.6,8023,2.850,4846,338.6,2293,1.7 R,2.655,2671,-33.3,8.5 L
Demo Athlete 03,DEMO003,CMJ,3/11/2026,10:33 AM,95.6,3,,0,37.7,822,55.58,210.7,6912,2.720,3225,292.5,2021,4.2 R,2.548,2254,-32.6,5.5 R
Demo Athlete 04,DEMO004,CMJ,3/11/2026,9:55 AM,87.4,3,,0,55.6,926,68.82,192.7,6832,3.302,3660,340.6,2149,5.4 L,3.075,2521,-36.9,10.9 L
Demo Athlete 07,DEMO007,CMJ,3/11/2026,9:50 AM,90.5,3,,0,47.1,889,63.73,199.6,6292,3.041,3514,318.9,2013,4.7 L,2.877,2341,-37.2,6.7 L
Demo Athlete 11,DEMO011,CMJ,3/11/2026,7:06 AM,97.0,3,,0,39.7,804,59.98,214.0,8015,2.792,4404,311.8,2163,9.3 L,2.623,2504,-31.2,7.6 L
Demo Athlete 15,DEMO015,CMJ,3/11/2026,10:38 AM,98.6,3,,0,51.7,737,67.03,217.5,6995,3.186,4955,356.7,2304,1.0 R,3.049,2620,-37.5,0.4 L
Demo Athlete 16,DEMO016,CMJ,3/11/2026,9:05 AM,96.5,3,,0,50.6,744,65.24,212.7,11094,3.151,6625,348.2,2676,1.7 R,3.012,3073,-27.7,0.2 R
Demo Athlete 02,DEMO002,CMJ,3/16/2026,8:37 AM,94.1,3,,0,50.6,835,64.55,207.4,7163,3.150,4299,347.9,2225,0.4 R,2.978,2568,-35.9,1.8 R
Demo Athlete 06,DEMO006,CMJ,3/16/2026,9:20 AM,98.7,3,,0,41.2,788,59.54,217.5,8102,2.842,4238,318.5,2232,5.8 L,2.670,2555,-31.5,0.7 L
Demo Athlete 07,DEMO007,CMJ,3/16/2026,8:15 AM,91.3,3,,0,52.3,864,67.56,201.2,7252,3.203,4081,332.5,2204,5.4 L,3.075,2594,-35.8,6.7 R
Demo Athlete 09,DEMO009,CMJ,3/16/2026,9:22 AM,105.0,3,,0,45.6,830,61.76,231.6,6930,2.992,4774,370.5,2259,3.2 L,2.843,2652,-38.3,1.5 R
Demo Athlete 12,DEMO012,CMJ,3/16/2026,8:52 AM,101.9,3,,0,34.4,715,54.82,224.6,6041,2.599,3572,300.3,1941,1.2 L,2.485,2207,-36.5,0.3 R
Demo Athlete 13,DEMO013,CMJ,3/16/2026,9:33 AM,104.3,3,,0,43.6,759,62.74,229.9,8421,2.924,5305,347.6,2395,4.8 L,2.738,2735,-32.5,8.0 L
Demo Athlete 15,DEMO015,CMJ,3/16/2026,9:25 AM,98.6,3,,0,51.8,709,67.46,217.4,6916,3.189,4958,364.9,2267,2.3 R,3.047,2668,-38.6,3.8 R
Demo Athlete 16,DEMO016,CMJ,3/16/2026,10:56 AM,96.8,3,,0,53.9,760,66.12,213.3,9923,3.250,6010,358.2,2632,2.4 R,3.077,3014,-30.4,2.5 R
Demo Athlete 01,DEMO001,CMJ,3/17/2026,9:50 AM,82.6,3,,0,46.1,776,61.04,182.0,6215,3.006,3472,281.2,1898,0.4 L,2.804,2130,-34.3,2.9 R
Demo Athlete 08,DEMO008,CMJ,3/17/2026,7:49 AM,105.3,3,,0,44.0,818,59.79,232.1,7884,2.940,4618,348.1,2353,1.8 R,2.772,2716,-34.4,7.4 R
Demo Athlete 11,DEMO011,CMJ,3/17/2026,10:46 AM,97.4,3,,0,41.3,869,60.61,214.7,7265,2.848,3774,314.9,2154,9.5 L,2.652,2393,-32.9,4.4 L
Demo Athlete 04,DEMO004,CMJ,3/18/2026,9:03 AM,87.0,3,,0,53.6,883,69.39,191.8,7784,3.242,4415,319.3,2239,3.0 L,3.022,2568,-33.0,6.6 L
Demo Athlete 05,DEMO005,CMJ,3/18/2026,8:45 AM,81.3,3,,0,46.7,694,65.04,179.1,9668,3.026,6125,281.6,2202,0.1 R,2.815,2559,-26.5,1.8 L
Demo Athlete 10,DEMO010,CMJ,3/18/2026,9:45 AM,82.1,3,,0,49.4,806,64.39,181.0,6780,3.113,4341,297.2,1998,3.0 R,2.961,2262,-33.4,6.1 R
Demo Athlete 14,DEMO014,CMJ,3/18/2026,9:48 AM,94.1,3,,0,51.6,845,65.06,207.6,9410,3.183,5400,336.8,2479,1.4 L,3.014,2885,-30.7,1.8 L
Demo Athlete 01,DEMO001,CMJ,3/23/2026,8:36 AM,83.5,3,,0,46.0,816,63.78,184.2,5518,3.004,3466,282.8,1818,0.1 R,2.844,2083,-37.8,1.0 R
Demo Athlete 07,DEMO007,CMJ,3/23/2026,9:37 AM,90.8,3,,0,52.0,871,68.57,200.2,7181,3.195,4326,339.3,2186,6.9 L,3.047,2570,-35.8,1.7 L
Demo Athlete 10,DEMO010,CMJ,3/23/2026,10:46 AM,82.6,3,,0,49.2,773,63.29,182.0,5604,3.106,3384,293.0,1883,0.7 L,2.903,2081,-37.1,0.3 L
Demo Athlete 12,DEMO012,CMJ,3/23/2026,10:25 AM,101.3,3,,0,35.7,675,56.35,223.4,6125,2.648,3822,314.6,1953,1.0 L,2.528,2269,-37.1,6.1 L
Demo Athlete 15,DEMO015,CMJ,3/23/2026,8:24 AM,98.4,3,,0,48.6,715,66.16,217.0,6613,3.087,5191,357.7,2189,0.9 R,2.898,2535,-38.3,1.5 R
Demo Athlete 16,DEMO016,CMJ,3/23/2026,8:44 AM,97.3,3,,0,56.2,726,68.48,214.6,10666,3.319,6973,363.6,2736,3.6 L,3.161,3210,-30.1,3.3 R
Demo Athlete 06,DEMO006,CMJ,3/24/2026,8:44 AM,98.2,3,,0,42.0,750,58.41,216.6,8726,2.869,5525,317.2,2283,4.0 L,2.732,2675,-30.7,6.0 L
Demo Athlete 11,DEMO011,CMJ,3/24/2026,8:01 AM,97.4,3,,0,45.3,906,61.82,214.6,8255,2.981,4126,325.2,2323,5.4 L,2.859,2611,-31.6,7.6 L
Demo Athlete 03,DEMO003,CMJ,3/25/2026,9:55 AM,96.0,3,,0,40.1,858,58.47,211.7,6617,2.806,3728,309.2,2012,2.6 R,2.664,2336,-35.3,0.1 R
Demo Athlete 04,DEMO004,CMJ,3/25/2026,7:42 AM,86.4,3,,0,52.7,899,68.93,190.6,7317,3.215,3815,321.0,2148,2.1 R,3.048,2514,-34.4,10.2 L
Demo Athlete 14,DEMO014,CMJ,3/25/2026,10:32 AM,94.3,3,,0,51.1,886,65.37,207.9,9218,3.166,5197,335.5,2469,1.4 L,3.020,2824,-30.6,3.5 R
Demo Athlete 01,DEMO001,CMJ,3/30/2026,7:18 AM,83.4,3,,0,47.2,777,62.51,183.9,5684,3.043,3954,295.3,1847,0.3 L,2.888,2133,-37.5,1.9 R
Demo Athlete 03,DEMO003,CMJ,3/30/2026,10:29 AM,96.3,3,,0,39.9,887,59.68,212.3,7386,2.798,3441,317.9,2086,2.8 R,2.637,2438,-33.0,1.7 R
Demo Athlete 06,DEMO006,CMJ,3/30/2026,10:51 AM,98.9,3,,0,42.8,807,61.67,217.9,9206,2.897,4297,329.2,2383,3.9 L,2.698,2701,-29.3,6.2 L
Demo Athlete 11,DEMO011,CMJ,3/30/2026,10:15 AM,96.7,3,,0,38.6,886,58.41,213.2,6779,2.753,3291,309.1,2040,8.5 L,2.598,2278,-33.6,4.0 L
Demo Athlete 13,DEMO013,CMJ,3/30/2026,9:08 AM,104.0,3,,0,42.7,715,58.83,229.2,8194,2.894,5734,352.0,2339,5.5 L,2.717,2704,-33.0,8.3 L
Demo Athlete 16,DEMO016,CMJ,3/30/2026,8:35 AM,97.3,3,,0,51.5,700,67.77,214.4,11637,3.179,7278,359.5,2772,1.0 R,3.027,3145,-27.0,5.5 R
Demo Athlete 02,DEMO002,CMJ,3/31/2026,8:10 AM,94.2,3,,0,49.2,843,66.48,207.6,8235,3.108,4593,331.3,2358,0.3 L,2.912,2611,-31.7,1.9 L
Demo Athlete 04,DEMO004,CMJ,3/31/2026,8:37 AM,86.3,3,,0,55.7,917,68.81,190.2,7341,3.306,3969,325.2,2189,3.4 L,3.116,2578,-35.1,6.7 L
Demo Athlete 05,DEMO005,CMJ,3/31/2026,8:18 AM,82.3,3,,0,47.7,745,64.59,181.4,8096,3.058,4974,285.5,2105,0.4 R,2.856,2398,-29.6,1.3 L
Demo Athlete 08,DEMO008,CMJ,3/31/2026,8:05 AM,105.2,3,,0,41.2,861,61.02,231.8,7887,2.842,4330,339.4,2308,5.4 R,2.694,2625,-33.3,3.4 R
Demo Athlete 10,DEMO010,CMJ,3/31/2026,9:24 AM,83.6,3,,0,50.8,816,67.16,184.4,7129,3.156,4167,308.7,2065,0.9 L,2.940,2386,-33.5,0.4 R
Demo Athlete 12,DEMO012,CMJ,3/31/2026,10:52 AM,101.6,3,,0,36.1,702,54.04,224.0,5794,2.660,3974,304.1,1921,2.9 L,2.538,2253,-38.9,4.3 R
Demo Athlete 15,DEMO015,CMJ,3/31/2026,8:09 AM,98.9,3,,0,53.3,721,66.99,218.1,7527,3.234,4872,363.2,2399,3.0 L,3.103,2725,-36.2,10.0 R
Demo Athlete 09,DEMO009,CMJ,4/1/2026,10:46 AM,104.7,3,,0,43.2,795,59.73,230.8,7673,2.911,4655,343.6,2293,1.0 L,2.725,2690,-35.1,5.0 L
Demo Athlete 03,DEMO003,CMJ,4/6/2026,8:10 AM,95.8,3,,0,39.2,865,56.57,211.2,8838,2.774,4168,304.5,2197,0.8 L,2.640,2592,-29.3,1.6 R
Demo Athlete 05,DEMO005,CMJ,4/6/2026,8:56 AM,82.7,3,,0,45.4,669,63.75,182.4,7788,2.983,5210,283.9,2025,3.6 L,2.840,2364,-30.3,1.1 R
Demo Athlete 06,DEMO006,CMJ,4/6/2026,8:29 AM,98.6,3,,0,39.8,764,60.14,217.5,8192,2.795,4557,318.0,2225,5.0 L,2.615,2509,-30.6,1.9 L
Demo Athlete 08,DEMO008,CMJ,4/6/2026,9:29 AM,105.4,3,,0,45.6,825,62.62,232.3,8610,2.992,5432,360.4,2447,4.6 R,2.863,2874,-33.4,2.1 R
Demo Athlete 10,DEMO010,CMJ,4/6/2026,7:23 AM,83.1,3,,0,48.8,875,63.16,183.3,5303,3.093,3247,297.1,1819,1.8 R,2.908,2103,-39.7,1.9 R
Demo Athlete 11,DEMO011,CMJ,4/6/2026,8:36 AM,97.7,3,,0,42.7,866,60.06,215.3,7708,2.893,4175,330.5,2236,6.3 L,2.724,2466,-32.0,2.4 L
Demo Athlete 12,DEMO012,CMJ,4/6/2026,9:02 AM,102.4,3,,0,38.1,682,58.82,225.7,6362,2.732,4212,321.6,2030,2.4 R,2.571,2371,-37.3,3.0 R
Demo Athlete 13,DEMO013,CMJ,4/6/2026,8:24 AM,104.5,3,,0,42.3,729,59.74,230.4,6885,2.882,4883,340.8,2226,4.1 L,2.721,2488,-36.1,7.2 L
Demo Athlete 15,DEMO015,CMJ,4/6/2026,8:49 AM,98.5,3,,0,54.3,731,66.74,217.1,7269,3.263,4992,371.5,2384,4.6 R,3.091,2689,-37.0,12.9 R
Demo Athlete 16,DEMO016,CMJ,4/6/2026,10:46 AM,96.6,3,,0,49.3,749,64.51,212.9,9834,3.109,5322,339.7,2529,0.1 L,2.983,2903,-29.5,3.9 R
Demo Athlete 04,DEMO004,CMJ,4/7/2026,9:25 AM,86.3,3,,0,53.4,922,66.37,190.3,6991,3.236,4114,324.3,2115,2.6 L,3.035,2493,-35.7,10.4 L
Demo Athlete 07,DEMO007,CMJ,4/7/2026,10:20 AM,91.3,3,,0,52.6,884,68.48,201.3,6769,3.213,4007,342.1,2202,4.3 L,3.028,2443,-36.1,3.4 L
Demo Athlete 02,DEMO002,CMJ,4/8/2026,8:07 AM,94.1,3,,0,47.1,862,63.90,207.5,7127,3.039,4142,336.5,2184,2.5 R,2.870,2457,-34.5,0.1 L
Demo Athlete 09,DEMO009,CMJ,4/8/2026,7:16 AM,105.1,3,,0,46.1,853,61.72,231.7,7910,3.007,4799,357.7,2416,1.4 L,2.823,2712,-34.3,1.0 L
Demo Athlete 03,DEMO003,CMJ,4/13/2026,9:16 AM,95.3,3,,0,37.6,918,57.83,210.0,7463,2.718,3621,295.6,2041,0.4 L,2.561,2373,-31.8,1.3 L
Demo Athlete 04,DEMO004,CMJ,4/13/2026,7:47 AM,85.1,3,,0,51.1,834,68.11,187.7,5770,3.165,3614,316.2,1961,5.5 L,3.010,2185,-37.9,0.4 L
Demo Athlete 07,DEMO007,CMJ,4/13/2026,9:35 AM,90.8,3,,0,46.8,872,62.26,200.1,6513,3.031,4025,309.4,2056,2.7 L,2.828,2331,-35.8,5.2 L
Demo Athlete 08,DEMO008,CMJ,4/13/2026,8:05 AM,106.3,3,,0,46.4,896,64.91,234.4,9435,3.017,4419,365.5,2575,1.8 R,2.820,2981,-31.6,4.0 R
Demo Athlete 10,DEMO010,CMJ,4/13/2026,8:05 AM,82.7,3,,0,50.0,781,64.32,182.2,6800,3.131,3741,295.9,2033,0.7 R,2.981,2255,-33.2,3.7 R
Demo Athlete 14,DEMO014,CMJ,4/13/2026,8:43 AM,93.9,3,,0,50.5,898,66.75,207.0,8990,3.148,4116,336.0,2460,3.0 R,3.019,2719,-30.2,2.2 R
Demo Athlete 15,DEMO015,CMJ,4/13/2026,8:45 AM,98.4,3,,0,51.6,692,66.72,217.0,6887,3.180,4850,363.0,2293,1.3 R,3.005,2583,-37.5,0.0 R
Demo Athlete 16,DEMO016,CMJ,4/13/2026,9:26 AM,96.4,3,,0,53.4,714,68.87,212.6,10915,3.237,6686,365.3,2686,5.2 R,3.059,3169,-29.0,4.4 R
Demo Athlete 01,DEMO001,CMJ,4/14/2026,8:20 AM,83.6,3,,0,47.2,750,61.88,184.2,5268,3.044,3301,286.4,1813,0.4 R,2.842,2054,-39.0,2.2 L
Demo Athlete 02,DEMO002,CMJ,4/14/2026,10:50 AM,94.1,3,,0,46.6,862,65.28,207.4,6820,3.025,3682,335.0,2124,4.8 R,2.816,2445,-35.9,0.6 R
Demo Athlete 05,DEMO005,CMJ,4/14/2026,8:09 AM,82.6,3,,0,48.9,771,66.34,182.1,8742,3.098,5179,295.3,2186,8.2 L,2.890,2518,-28.8,4.6 L
Demo Athlete 09,DEMO009,CMJ,4/14/2026,8:24 AM,105.6,3,,0,42.3,824,59.06,232.8,9652,2.880,4866,352.5,2522,0.9 L,2.759,2845,-29.5,0.9 L
Demo Athlete 11,DEMO011,CMJ,4/14/2026,8:54 AM,96.8,3,,0,39.6,860,59.66,213.3,7789,2.788,4085,305.6,2124,10.0 L,2.630,2494,-32.0,9.0 L
Demo Athlete 06,DEMO006,CMJ,4/15/2026,8:26 AM,98.7,3,,0,44.5,745,61.57,217.6,9622,2.953,5549,330.4,2421,5.1 L,2.819,2850,-29.6,0.9 L
Demo Athlete 13,DEMO013,CMJ,4/15/2026,8:55 AM,104.5,3,,0,44.0,676,63.36,230.3,7016,2.940,5542,356.5,2237,2.1 L,2.748,2613,-37.2,6.0 L
Demo Athlete 01,DEMO001,CMJ,4/20/2026,8:03 AM,83.5,3,,0,46.0,817,64.32,184.1,5874,3.003,3945,291.1,1839,3.9 R,2.854,2167,-36.9,0.4 R
Demo Athlete 06,DEMO006,CMJ,4/20/2026,8:09 AM,98.5,3,,0,43.6,807,61.94,217.1,8632,2.924,4573,327.2,2333,2.7 L,2.734,2658,-30.8,5.0 L
Demo Athlete 13,DEMO013,CMJ,4/20/2026,9:09 AM,104.8,3,,0,43.6,684,59.46,231.1,7091,2.924,5237,353.5,2278,2.0 L,2.773,2541,-35.8,1.9 L
Demo Athlete 17,DEMO017,CMJ,4/20/2026,8:23 AM,103.4,3,,0,29.1,807,49.30,228.0,6380,2.391,3230,287.5,1904,13.1 L,2.238,2119,-33.2,21.6 L
Demo Athlete 02,DEMO002,CMJ,4/21/2026,10:37 AM,93.8,3,,0,50.2,851,64.29,206.8,7597,3.138,4741,331.5,2282,0.3 L,2.939,2575,-33.9,4.2 R
Demo Athlete 03,DEMO003,CMJ,4/21/2026,10:59 AM,96.1,3,,0,41.7,850,59.76,211.8,8403,2.860,4177,311.8,2251,3.0 R,2.695,2522,-30.0,0.0 L
Demo Athlete 05,DEMO005,CMJ,4/21/2026,8:48 AM,82.3,3,,0,49.9,732,65.00,181.3,8248,3.128,5173,299.5,2129,4.6 L,2.958,2510,-30.4,0.5 L
Demo Athlete 07,DEMO007,CMJ,4/21/2026,10:58 AM,90.7,3,,0,52.5,843,68.39,199.9,6667,3.209,3874,326.8,2181,0.1 R,3.011,2411,-36.2,2.7 L
Demo Athlete 12,DEMO012,CMJ,4/21/2026,7:44 AM,101.6,3,,0,37.1,677,57.07,224.0,7251,2.698,4065,311.6,2137,3.4 L,2.563,2353,-32.5,1.4 L
Demo Athlete 16,DEMO016,CMJ,4/21/2026,8:42 AM,96.9,3,,0,48.8,724,65.43,213.6,10059,3.095,5703,350.2,2572,6.4 R,2.896,2879,-28.6,1.3 L
Demo Athlete 04,DEMO004,CMJ,4/22/2026,7:34 AM,86.7,3,,0,54.9,903,69.59,191.2,8836,3.281,4818,328.8,2356,4.4 R,3.056,2740,-31.0,0.2 L
Demo Athlete 08,DEMO008,CMJ,4/22/2026,9:40 AM,105.3,3,,0,43.5,873,59.93,232.1,8520,2.921,4098,344.5,2418,0.4 L,2.720,2762,-32.4,4.6 R
Demo Athlete 10,DEMO010,CMJ,4/22/2026,8:01 AM,83.2,3,,0,49.2,825,66.52,183.4,6019,3.107,3803,290.2,1938,0.9 R,2.975,2153,-35.8,0.3 R
Demo Athlete 11,DEMO011,CMJ,4/22/2026,8:42 AM,97.3,3,,0,43.7,848,60.34,214.5,9118,2.928,4050,332.6,2390,6.9 L,2.734,2651,-29.1,2.5 L
Demo Athlete 14,DEMO014,CMJ,4/22/2026,8:21 AM,94.7,3,,0,53.2,874,65.98,208.9,9752,3.230,5435,357.8,2584,1.7 R,3.050,2913,-29.9,4.8 R
Demo Athlete 15,DEMO015,CMJ,4/22/2026,8:06 AM,98.3,3,,0,50.6,746,65.38,216.8,6707,3.150,4530,347.2,2233,1.7 L,3.012,2580,-38.5,2.1 R
Demo Athlete 08,DEMO008,CMJ,4/27/2026,7:11 AM,105.7,3,,0,45.0,819,63.65,233.0,8179,2.972,4907,363.9,2399,2.0 L,2.824,2803,-34.3,2.5 R
Demo Athlete 09,DEMO009,CMJ,4/27/2026,8:22 AM,105.6,3,,0,42.6,794,61.63,232.8,7812,2.891,4892,355.5,2317,3.4 L,2.734,2690,-34.4,0.3 L
Demo Athlete 11,DEMO011,CMJ,4/27/2026,8:15 AM,97.1,3,,0,40.2,905,60.38,214.1,6600,2.809,3213,318.5,2046,6.5 L,2.651,2314,-35.1,10.6 L
Demo Athlete 13,DEMO013,CMJ,4/27/2026,7:50 AM,103.2,3,,0,44.1,682,62.78,227.5,7739,2.943,5708,344.0,2312,7.4 L,2.806,2660,-34.4,6.6 L
Demo Athlete 02,DEMO002,CMJ,4/28/2026,7:04 AM,94.3,3,,0,44.6,862,63.66,207.9,6301,2.957,3840,326.0,2039,1.0 R,2.822,2332,-37.0,2.9 R
Demo Athlete 05,DEMO005,CMJ,4/28/2026,8:01 AM,81.9,3,,0,49.8,745,66.09,180.7,8360,3.127,5313,291.0,2135,2.3 L,2.945,2515,-30.1,0.5 R
Demo Athlete 07,DEMO007,CMJ,4/28/2026,9:51 AM,91.4,3,,0,55.9,913,69.36,201.4,7524,3.313,4712,349.7,2300,3.2 L,3.088,2687,-35.7,0.9 R
Demo Athlete 01,DEMO001,CMJ,4/29/2026,8:35 AM,83.4,3,,0,45.7,827,62.43,183.8,6252,2.995,3994,284.2,1886,7.9 R,2.838,2190,-35.0,3.2 R
Demo Athlete 03,DEMO003,CMJ,4/29/2026,10:07 AM,96.4,3,,0,41.3,881,58.53,212.6,7702,2.847,3810,307.6,2187,0.5 R,2.699,2425,-31.5,3.2 L
Demo Athlete 06,DEMO006,CMJ,4/29/2026,9:59 AM,98.9,3,,0,42.8,791,60.35,218.1,9194,2.897,5296,323.7,2387,5.5 L,2.726,2695,-29.3,9.5 L
Demo Athlete 10,DEMO010,CMJ,4/29/2026,7:12 AM,83.3,3,,0,50.6,811,64.90,183.6,6972,3.150,3906,301.5,2052,4.1 L,2.943,2332,-33.4,3.7 L
Demo Athlete 12,DEMO012,CMJ,4/29/2026,7:01 AM,102.1,3,,0,38.8,763,59.45,225.2,5452,2.759,3261,320.1,1964,1.8 R,2.613,2204,-40.4,8.3 R
Demo Athlete 14,DEMO014,CMJ,4/29/2026,9:45 AM,95.4,3,,0,54.4,824,70.14,210.3,10542,3.268,6319,362.3,2656,3.6 L,3.049,3122,-29.6,5.2 R
Demo Athlete 15,DEMO015,CMJ,4/29/2026,10:16 AM,98.4,3,,0,51.7,698,65.20,216.9,6750,3.184,5676,367.3,2256,3.3 L,2.976,2608,-38.6,2.6 R
Demo Athlete 01,DEMO001,CMJ,5/4/2026,9:42 AM,83.2,3,,0,47.4,792,63.57,183.5,5404,3.048,3903,288.8,1818,0.4 L,2.847,2087,-38.6,3.8 R
Demo Athlete 07,DEMO007,CMJ,5/4/2026,10:02 AM,92.0,3,,0,51.3,820,66.55,202.9,6155,3.172,4139,328.1,2107,1.3 L,2.983,2366,-38.4,5.7 L
Demo Athlete 09,DEMO009,CMJ,5/4/2026,7:42 AM,105.0,3,,0,42.0,763,59.41,231.5,6989,2.872,4121,341.1,2240,0.2 L,2.716,2500,-35.8,2.8 L
Demo Athlete 13,DEMO013,CMJ,5/4/2026,10:58 AM,103.9,3,,0,41.3,689,58.23,229.0,7680,2.845,5732,348.3,2243,7.0 L,2.713,2638,-34.4,0.4 R
Demo Athlete 05,DEMO005,CMJ,5/5/2026,8:44 AM,82.7,3,,0,49.3,700,63.43,182.4,9167,3.110,5204,291.4,2268,1.9 R,2.949,2517,-27.5,7.7 L
Demo Athlete 06,DEMO006,CMJ,5/5/2026,7:28 AM,97.8,3,,0,42.4,781,62.08,215.7,7849,2.884,4444,316.5,2241,5.2 L,2.723,2493,-31.8,6.0 L
Demo Athlete 10,DEMO010,CMJ,5/5/2026,9:25 AM,83.5,3,,0,48.8,841,63.03,184.2,6913,3.093,3813,300.8,2019,0.2 R,2.912,2303,-33.3,1.2 R
Demo Athlete 12,DEMO012,CMJ,5/5/2026,9:59 AM,101.0,3,,0,37.5,664,56.90,222.7,6762,2.714,4484,320.4,2047,1.9 R,2.563,2381,-35.2,0.9 R
Demo Athlete 15,DEMO015,CMJ,5/5/2026,9:16 AM,98.2,3,,0,51.7,727,66.46,216.5,7135,3.186,5553,355.3,2283,2.0 R,3.057,2694,-37.8,1.9 L
Demo Athlete 02,DEMO002,CMJ,5/6/2026,9:55 AM,93.8,3,,0,48.4,809,66.15,206.8,7505,3.081,4431,324.1,2235,2.1 R,2.878,2541,-33.9,2.5 R
Demo Athlete 03,DEMO003,CMJ,5/6/2026,7:48 AM,95.6,3,,0,37.7,824,57.86,210.7,8266,2.719,4490,306.4,2111,0.7 R,2.565,2487,-30.1,5.2 R
Demo Athlete 04,DEMO004,CMJ,5/6/2026,10:27 AM,86.8,3,,0,53.8,936,68.62,191.3,5806,3.250,3053,319.9,2036,2.7 L,3.056,2248,-38.7,0.8 L
Demo Athlete 08,DEMO008,CMJ,5/6/2026,10:01 AM,106.2,3,,0,46.2,792,63.12,234.1,6963,3.009,4029,366.0,2326,0.4 L,2.875,2607,-37.4,0.2 L
Demo Athlete 11,DEMO011,CMJ,5/6/2026,8:06 AM,96.9,3,,0,41.4,889,58.77,213.6,8014,2.848,4168,319.8,2183,4.1 L,2.725,2557,-31.9,2.6 L
Demo Athlete 16,DEMO016,CMJ,5/6/2026,9:11 AM,97.2,3,,0,51.8,726,67.79,214.2,10696,3.188,6836,354.0,2673,6.1 R,3.052,3070,-28.7,2.3 R
Demo Athlete 01,DEMO001,CMJ,5/11/2026,8:08 AM,83.1,3,,0,47.0,745,62.56,183.3,5980,3.037,4301,294.8,1881,0.8 L,2.826,2153,-36.0,1.1 R
Demo Athlete 02,DEMO002,CMJ,5/11/2026,10:15 AM,94.2,3,,0,48.4,834,63.79,207.8,7564,3.082,4863,337.8,2220,1.1 L,2.910,2613,-34.5,8.2 R
Demo Athlete 04,DEMO004,CMJ,5/11/2026,7:11 AM,87.1,3,,0,53.6,860,67.99,192.0,6135,3.243,3873,316.9,2033,2.6 L,3.025,2385,-38.9,7.8 L
Demo Athlete 06,DEMO006,CMJ,5/11/2026,8:31 AM,99.5,3,,0,41.7,770,61.45,219.3,7606,2.861,4388,325.3,2213,8.7 L,2.740,2502,-32.9,9.1 L
Demo Athlete 07,DEMO007,CMJ,5/11/2026,9:18 AM,91.5,3,,0,47.9,879,62.84,201.8,6402,3.065,3469,323.1,2080,4.5 L,2.935,2329,-36.4,1.9 R
Demo Athlete 12,DEMO012,CMJ,5/11/2026,8:01 AM,102.8,3,,0,38.3,732,55.96,226.7,6285,2.741,4276,329.9,2043,1.8 R,2.603,2345,-37.3,8.6 R
Demo Athlete 13,DEMO013,CMJ,5/11/2026,10:57 AM,104.6,3,,0,43.1,677,60.41,230.6,7971,2.909,6029,344.8,2325,6.2 L,2.718,2715,-34.1,3.8 L
Demo Athlete 14,DEMO014,CMJ,5/11/2026,8:39 AM,94.7,3,,0,50.9,854,64.61,208.7,9898,3.161,5123,341.3,2574,0.2 L,3.000,2845,-28.7,0.0 R
Demo Athlete 20,DEMO020,CMJ,5/11/2026,8:10 AM,82.1,3,,0,38.6,946,57.72,181.0,7591,2.753,3127,266.4,1903,29.0 L,2.610,2152,-28.3,36.4 L
Demo Athlete 03,DEMO003,CMJ,5/12/2026,9:16 AM,96.2,3,,0,36.9,858,56.48,212.1,6502,2.689,2906,300.8,1979,5.8 R,2.545,2184,-33.6,4.2 R
Demo Athlete 05,DEMO005,CMJ,5/12/2026,8:04 AM,81.8,3,,0,47.7,786,62.41,180.4,8119,3.060,4647,290.2,2098,3.2 L,2.847,2401,-29.6,10.4 L
Demo Athlete 09,DEMO009,CMJ,5/12/2026,8:49 AM,104.5,3,,0,45.0,853,64.07,230.3,6991,2.972,4262,353.3,2263,0.9 L,2.777,2605,-37.3,2.1 L
Demo Athlete 10,DEMO010,CMJ,5/12/2026,7:58 AM,83.3,3,,0,50.1,830,66.39,183.6,6244,3.135,3847,299.2,1945,2.3 L,2.984,2266,-36.3,3.1 R
Demo Athlete 11,DEMO011,CMJ,5/12/2026,10:23 AM,97.6,3,,0,44.1,850,61.43,215.1,8513,2.943,4602,328.7,2326,7.7 L,2.747,2627,-30.9,10.4 L
Demo Athlete 15,DEMO015,CMJ,5/12/2026,10:59 AM,98.6,3,,0,50.9,755,65.58,217.4,6896,3.160,4980,366.2,2260,0.4 R,2.973,2628,-38.1,2.0 L
Demo Athlete 16,DEMO016,CMJ,5/12/2026,7:35 AM,97.0,3,,0,51.7,740,66.12,213.8,10067,3.186,5821,362.3,2608,6.7 R,3.026,2992,-29.7,2.2 L
Demo Athlete 08,DEMO008,CMJ,5/13/2026,8:34 AM,105.4,3,,0,46.6,873,62.49,232.4,7769,3.024,3892,370.9,2411,5.6 R,2.842,2718,-35.0,1.6 L
Demo Athlete 05,DEMO005,CMJ,5/18/2026,9:43 AM,82.6,3,,0,46.6,727,62.63,182.2,8293,3.024,5368,289.1,2086,1.4 L,2.898,2458,-29.6,1.8 L
Demo Athlete 06,DEMO006,CMJ,5/18/2026,7:11 AM,97.9,3,,0,43.2,766,60.29,215.9,8757,2.912,5443,322.7,2305,7.2 L,2.769,2703,-30.9,1.8 L
Demo Athlete 07,DEMO007,CMJ,5/18/2026,7:35 AM,90.9,3,,0,52.4,877,67.93,200.4,7102,3.207,3910,329.0,2225,4.6 R,3.051,2489,-35.0,0.6 R
Demo Athlete 12,DEMO012,CMJ,5/18/2026,9:23 AM,101.8,3,,0,39.4,700,59.67,224.5,6326,2.779,4519,328.7,2049,1.5 R,2.659,2370,-37.5,6.0 R
Demo Athlete 14,DEMO014,CMJ,5/18/2026,7:45 AM,94.3,3,,0,53.2,796,68.12,207.8,10142,3.231,6302,349.3,2589,4.0 L,3.047,2999,-29.6,6.7 L
Demo Athlete 15,DEMO015,CMJ,5/18/2026,8:18 AM,98.8,3,,0,53.0,707,67.88,217.8,7325,3.226,5346,368.3,2377,1.1 R,3.082,2676,-36.5,1.5 R
Demo Athlete 02,DEMO002,CMJ,5/19/2026,7:33 AM,93.7,3,,0,50.0,824,65.56,206.7,7873,3.132,4759,339.3,2284,3.6 R,2.915,2653,-33.7,0.4 R
Demo Athlete 03,DEMO003,CMJ,5/19/2026,9:03 AM,96.3,3,,0,39.2,866,58.22,212.3,7303,2.772,4051,314.5,2072,0.5 L,2.587,2397,-32.8,0.6 L
Demo Athlete 04,DEMO004,CMJ,5/19/2026,9:18 AM,86.1,3,,0,55.0,885,68.33,189.8,6547,3.284,4314,328.3,2106,3.7 L,3.143,2408,-36.8,2.6 L
Demo Athlete 09,DEMO009,CMJ,5/19/2026,8:55 AM,105.9,3,,0,44.1,811,60.25,233.5,7210,2.943,4086,358.7,2279,2.5 R,2.758,2665,-37.0,4.3 L
Demo Athlete 13,DEMO013,CMJ,5/19/2026,10:17 AM,103.7,3,,0,41.4,702,61.51,228.7,7663,2.850,5096,332.4,2286,2.4 L,2.701,2546,-33.2,7.0 L
Demo Athlete 17,DEMO017,CMJ,5/19/2026,9:02 AM,104.1,3,,0,33.5,816,54.44,229.4,6879,2.565,3234,308.6,2034,6.6 L,2.458,2323,-33.8,13.3 L
Demo Athlete 08,DEMO008,CMJ,5/20/2026,8:17 AM,105.9,3,,0,45.2,878,61.69,233.6,7987,2.977,3889,363.1,2431,4.0 R,2.817,2694,-33.7,1.5 L
Demo Athlete 10,DEMO010,CMJ,5/20/2026,8:21 AM,83.3,3,,0,49.6,828,64.48,183.6,6784,3.118,3794,293.2,2031,3.0 R,2.970,2262,-33.3,0.6 L
Demo Athlete 11,DEMO011,CMJ,5/20/2026,7:45 AM,97.0,3,,0,40.5,888,57.50,213.9,6538,2.820,3113,312.3,2057,12.1 L,2.642,2281,-34.9,10.2 L
Demo Athlete 18,DEMO018,CMJ,5/20/2026,8:46 AM,80.2,3,,0,41.0,791,59.00,176.7,5843,2.837,3200,267.7,1723,19.1 L,2.696,2013,-34.5,20.7 L
Demo Athlete 01,DEMO001,CMJ,5/25/2026,9:03 AM,82.4,3,,0,45.8,774,62.10,181.7,5139,2.998,3462,287.9,1768,8.6 R,2.848,1983,-38.6,2.7 R
Demo Athlete 02,DEMO002,CMJ,5/25/2026,8:37 AM,94.0,3,,0,52.3,897,68.63,207.2,8010,3.202,4550,343.4,2335,1.9 L,2.994,2730,-34.1,0.7 R
Demo Athlete 03,DEMO003,CMJ,5/25/2026,9:47 AM,96.2,3,,0,38.4,844,58.85,212.1,7285,2.745,3814,311.7,2086,4.4 R,2.613,2312,-31.7,3.0 R
Demo Athlete 06,DEMO006,CMJ,5/25/2026,8:27 AM,98.9,3,,0,42.3,737,59.18,218.0,8189,2.881,4607,327.2,2279,7.9 L,2.734,2567,-31.3,3.0 L
Demo Athlete 09,DEMO009,CMJ,5/25/2026,9:14 AM,104.6,3,,0,42.0,794,59.51,230.6,7140,2.870,4060,343.0,2256,0.5 R,2.713,2502,-35.0,3.6 R
Demo Athlete 10,DEMO010,CMJ,5/25/2026,9:42 AM,82.9,3,,0,48.1,837,64.33,182.8,6127,3.072,3343,286.2,1922,1.8 R,2.921,2162,-35.3,7.8 R
Demo Athlete 11,DEMO011,CMJ,5/25/2026,10:31 AM,96.9,3,,0,44.6,895,63.16,213.6,7777,2.957,4069,321.0,2251,4.3 L,2.825,2533,-32.6,3.3 L
Demo Athlete 13,DEMO013,CMJ,5/25/2026,7:42 AM,103.4,3,,0,46.1,700,62.26,228.0,8458,3.008,6060,359.6,2429,7.9 L,2.870,2797,-33.1,4.6 L
Demo Athlete 14,DEMO014,CMJ,5/25/2026,10:46 AM,94.9,3,,0,53.4,899,68.59,209.3,9704,3.237,4443,348.3,2587,4.7 R,3.045,2914,-30.0,4.7 R
Demo Athlete 15,DEMO015,CMJ,5/25/2026,8:23 AM,98.9,3,,0,52.1,694,68.28,218.0,6303,3.197,5108,361.4,2242,1.5 R,3.060,2504,-39.7,0.6 R
Demo Athlete 16,DEMO016,CMJ,5/25/2026,9:02 AM,97.0,3,,0,49.8,743,64.92,213.8,10692,3.125,6351,354.7,2665,5.3 R,2.982,2957,-27.7,2.7 R
Demo Athlete 19,DEMO019,CMJ,5/25/2026,8:39 AM,96.9,3,,0,37.2,1017,57.19,213.7,6458,2.703,2662,297.9,1974,18.8 L,2.533,2235,-34.6,27.9 L
Demo Athlete 04,DEMO004,CMJ,5/26/2026,7:46 AM,86.6,3,,0,53.3,964,69.03,191.0,6288,3.234,3120,325.6,2069,1.3 L,3.050,2336,-37.1,8.9 L
Demo Athlete 07,DEMO007,CMJ,5/26/2026,7:00 AM,91.2,3,,0,50.3,848,65.19,201.1,5986,3.142,4023,332.0,2034,10.4 L,2.942,2365,-39.5,11.6 L
Demo Athlete 20,DEMO020,CMJ,5/26/2026,8:52 AM,82.3,3,,0,40.9,886,57.72,181.4,7644,2.834,3738,267.0,1955,20.3 L,2.699,2200,-28.8,26.3 L
Demo Athlete 08,DEMO008,CMJ,5/27/2026,8:48 AM,105.7,3,,0,44.5,801,63.48,233.1,9208,2.954,5514,366.6,2496,5.5 R,2.783,2910,-31.6,5.3 R
Demo Athlete 12,DEMO012,CMJ,5/27/2026,9:24 AM,101.3,3,,0,37.2,681,56.44,223.3,5691,2.702,3865,314.1,1961,1.1 R,2.543,2174,-38.2,0.4 R
Demo Athlete 02,DEMO002,CMJ,6/1/2026,8:05 AM,93.4,3,,0,49.7,786,63.61,205.8,6782,3.123,4781,330.9,2171,2.2 R,2.975,2461,-36.3,3.9 R
Demo Athlete 07,DEMO007,CMJ,6/1/2026,9:45 AM,91.3,3,,0,49.8,872,64.61,201.2,6969,3.126,4322,333.4,2145,0.7 L,2.989,2486,-35.7,2.3 L
Demo Athlete 08,DEMO008,CMJ,6/1/2026,9:14 AM,104.6,3,,0,47.7,915,62.95,230.6,8974,3.059,4884,369.7,2512,0.4 L,2.921,2956,-32.9,2.7 R
Demo Athlete 11,DEMO011,CMJ,6/1/2026,8:23 AM,97.7,3,,0,41.4,882,59.43,215.3,7166,2.850,3917,322.1,2121,5.6 L,2.725,2443,-34.1,0.7 L
Demo Athlete 12,DEMO012,CMJ,6/1/2026,7:53 AM,102.0,3,,0,37.8,710,58.37,224.8,5302,2.722,3285,319.5,1939,1.6 R,2.557,2134,-40.2,4.0 R
Demo Athlete 13,DEMO013,CMJ,6/1/2026,8:38 AM,104.5,3,,0,42.4,743,59.54,230.5,7408,2.884,4846,349.9,2284,2.1 L,2.762,2557,-34.5,12.2 L
Demo Athlete 15,DEMO015,CMJ,6/1/2026,9:32 AM,98.9,3,,0,55.3,689,67.24,218.1,7368,3.293,5582,371.1,2380,0.4 L,3.085,2805,-38.1,0.7 L
Demo Athlete 03,DEMO003,CMJ,6/2/2026,10:03 AM,95.6,3,,0,39.7,802,57.66,210.7,7822,2.792,3690,303.9,2152,1.5 L,2.675,2400,-30.7,1.1 R
Demo Athlete 05,DEMO005,CMJ,6/2/2026,10:24 AM,82.1,3,,0,42.3,736,60.44,181.1,7782,2.879,4598,270.3,1983,0.6 L,2.757,2252,-28.9,0.7 R
Demo Athlete 09,DEMO009,CMJ,6/2/2026,10:35 AM,105.0,3,,0,42.8,854,60.05,231.6,8208,2.896,4067,351.6,2367,2.0 R,2.739,2706,-33.0,4.1 L
Demo Athlete 17,DEMO017,CMJ,6/2/2026,8:08 AM,104.5,3,,0,37.1,775,55.02,230.5,7169,2.698,3954,320.8,2167,6.2 L,2.535,2390,-33.3,8.4 L
Demo Athlete 04,DEMO004,CMJ,6/3/2026,10:26 AM,87.2,3,,0,54.7,950,68.31,192.2,6223,3.277,3310,326.3,2095,0.7 R,3.102,2350,-37.8,3.5 L
Demo Athlete 14,DEMO014,CMJ,6/3/2026,8:07 AM,94.5,3,,0,54.6,889,67.47,208.4,10143,3.273,4747,346.7,2667,0.2 L,3.104,2953,-29.1,0.8 L
Demo Athlete 18,DEMO018,CMJ,6/3/2026,8:40 AM,80.1,3,,0,41.3,773,57.80,176.6,5219,2.845,3163,261.6,1672,15.3 L,2.654,1909,-36.6,13.6 L
Demo Athlete 01,DEMO001,CMJ,6/8/2026,9:51 AM,84.1,3,,0,44.8,834,61.51,185.3,7117,2.965,3746,291.6,1963,0.5 L,2.775,2309,-32.4,5.9 R
Demo Athlete 02,DEMO002,CMJ,6/8/2026,9:40 AM,94.4,3,,0,52.0,803,68.80,208.2,7367,3.193,4822,338.3,2263,0.4 L,3.063,2653,-36.0,4.8 L
Demo Athlete 05,DEMO005,CMJ,6/8/2026,8:43 AM,82.5,3,,0,47.8,721,62.68,181.8,7074,3.062,4757,291.1,2022,2.7 L,2.938,2255,-31.9,4.2 L
Demo Athlete 06,DEMO006,CMJ,6/8/2026,7:20 AM,99.4,3,,0,42.8,790,61.93,219.1,8641,2.899,4368,337.1,2329,1.2 L,2.716,2666,-30.9,2.0 L
Demo Athlete 07,DEMO007,CMJ,6/8/2026,9:21 AM,91.1,3,,0,49.4,864,66.20,200.9,6741,3.115,4156,325.1,2114,5.7 L,2.900,2442,-36.2,5.1 L
Demo Athlete 08,DEMO008,CMJ,6/8/2026,9:52 AM,105.3,3,,0,43.4,839,62.73,232.1,8083,2.919,4640,352.9,2349,2.6 R,2.738,2755,-34.1,7.7 R
Demo Athlete 09,DEMO009,CMJ,6/8/2026,8:58 AM,105.5,3,,0,44.1,744,62.42,232.6,8375,2.941,4729,350.1,2421,0.0 R,2.808,2759,-32.9,0.9 R
Demo Athlete 15,DEMO015,CMJ,6/8/2026,8:09 AM,98.7,3,,0,49.3,742,66.15,217.7,6840,3.111,4625,354.4,2265,1.1 R,2.959,2521,-36.9,2.6 R
Demo Athlete 19,DEMO019,CMJ,6/8/2026,7:37 AM,96.3,3,,0,37.0,925,57.48,212.2,5816,2.696,2989,291.2,1879,16.6 L,2.557,2176,-37.4,18.1 L
Demo Athlete 20,DEMO020,CMJ,6/8/2026,9:29 AM,83.1,3,,0,42.7,879,62.49,183.2,7716,2.894,3614,281.8,1987,15.4 L,2.745,2291,-29.7,23.0 L
Demo Athlete 11,DEMO011,CMJ,6/9/2026,8:31 AM,97.6,3,,0,40.6,859,59.20,215.1,7394,2.824,3793,321.9,2118,6.6 L,2.675,2478,-33.5,9.3 L
Demo Athlete 12,DEMO012,CMJ,6/9/2026,9:01 AM,101.7,3,,0,36.0,730,56.60,224.1,5898,2.659,3781,309.0,1945,3.8 R,2.488,2236,-37.9,3.2 R
Demo Athlete 14,DEMO014,CMJ,6/9/2026,7:00 AM,93.9,3,,0,54.4,848,68.92,207.0,9200,3.268,5043,359.3,2534,3.4 L,3.126,2861,-31.1,5.9 R
Demo Athlete 16,DEMO016,CMJ,6/9/2026,8:41 AM,96.8,3,,0,51.2,745,65.32,213.5,10091,3.169,6101,350.6,2613,2.2 R,2.982,2949,-29.2,2.6 L
Demo Athlete 03,DEMO003,CMJ,6/10/2026,8:13 AM,96.2,3,,0,37.6,811,56.62,212.1,7911,2.714,4163,304.9,2121,1.6 R,2.546,2382,-30.1,2.1 L
Demo Athlete 10,DEMO010,CMJ,6/10/2026,8:02 AM,83.5,3,,0,52.4,815,66.42,184.1,6438,3.208,4120,312.1,2009,3.4 R,2.985,2324,-36.1,0.3 L
Demo Athlete 13,DEMO013,CMJ,6/10/2026,9:12 AM,104.3,3,,0,43.1,687,61.73,230.0,8066,2.908,5770,352.0,2338,6.3 L,2.766,2709,-33.6,8.8 L
Demo Athlete 04,DEMO004,CMJ,6/15/2026,8:45 AM,86.4,3,,0,54.4,890,67.78,190.4,7103,3.266,4535,318.4,2146,5.1 L,3.052,2519,-35.5,3.4 L
Demo Athlete 09,DEMO009,CMJ,6/15/2026,8:52 AM,104.8,3,,0,45.1,869,64.01,231.0,8420,2.975,4599,366.7,2454,1.2 R,2.842,2736,-32.5,1.9 L
Demo Athlete 10,DEMO010,CMJ,6/15/2026,9:48 AM,83.5,3,,0,50.6,887,64.16,184.1,6579,3.150,3486,302.5,2026,1.1 L,2.949,2260,-34.4,4.1 R
Demo Athlete 11,DEMO011,CMJ,6/15/2026,8:05 AM,97.4,3,,0,43.4,928,61.44,214.7,8626,2.917,3733,327.3,2328,8.5 L,2.776,2605,-30.2,9.2 L
Demo Athlete 12,DEMO012,CMJ,6/15/2026,8:52 AM,101.9,3,,0,36.0,741,55.83,224.7,5533,2.658,3647,311.4,1932,1.6 R,2.543,2135,-38.6,4.5 R
Demo Athlete 13,DEMO013,CMJ,6/15/2026,7:00 AM,103.7,3,,0,41.7,662,58.94,228.6,9823,2.859,6436,339.5,2462,7.0 L,2.710,2882,-29.3,0.6 L
Demo Athlete 15,DEMO015,CMJ,6/15/2026,8:40 AM,97.8,3,,0,52.4,674,65.26,215.5,7080,3.206,5135,363.9,2334,0.9 R,3.075,2587,-36.5,2.4 R
Demo Athlete 17,DEMO017,CMJ,6/15/2026,9:34 AM,103.3,3,,0,34.5,818,55.48,227.8,6927,2.600,3403,314.6,2073,3.4 L,2.460,2284,-33.0,1.4 R
Demo Athlete 01,DEMO001,CMJ,6/16/2026,8:34 AM,83.4,3,,0,48.2,837,65.25,183.8,5592,3.076,3789,300.0,1838,1.0 R,2.934,2161,-38.7,0.9 R
Demo Athlete 03,DEMO003,CMJ,6/16/2026,8:16 AM,96.2,3,,0,38.8,859,57.36,212.1,7636,2.761,3428,313.3,2114,1.5 R,2.623,2392,-31.3,4.6 R
Demo Athlete 06,DEMO006,CMJ,6/16/2026,10:47 AM,98.1,3,,0,41.7,790,60.89,216.2,7868,2.861,3973,322.6,2213,2.2 L,2.683,2524,-32.1,5.2 L
Demo Athlete 18,DEMO018,CMJ,6/16/2026,8:05 AM,80.9,3,,0,42.8,726,62.20,178.4,6504,2.897,3917,271.1,1847,12.7 L,2.715,2097,-32.2,14.3 L
Demo Athlete 05,DEMO005,CMJ,6/17/2026,7:31 AM,82.4,3,,0,43.8,733,60.46,181.7,8398,2.931,4712,277.6,2069,1.3 R,2.776,2357,-28.1,4.9 L
Demo Athlete 07,DEMO007,CMJ,6/17/2026,9:42 AM,91.5,3,,0,50.3,924,67.61,201.8,7688,3.141,4196,332.4,2268,5.3 L,2.957,2534,-33.0,0.7 R
Demo Athlete 08,DEMO008,CMJ,6/17/2026,8:01 AM,105.8,3,,0,41.9,846,60.94,233.3,8603,2.869,4646,344.9,2421,0.0 R,2.671,2709,-31.5,2.8 R
Demo Athlete 14,DEMO014,CMJ,6/17/2026,9:24 AM,94.5,3,,0,51.2,852,68.10,208.3,9331,3.169,5086,339.6,2495,3.3 R,2.999,2825,-30.3,5.4 L
Demo Athlete 16,DEMO016,CMJ,6/17/2026,7:00 AM,96.9,3,,0,50.6,721,67.81,213.7,10303,3.150,5858,343.1,2618,1.8 L,3.021,2971,-28.8,1.7 L
Demo Athlete 01,DEMO001,CMJ,6/22/2026,10:42 AM,83.0,3,,0,45.2,761,60.61,183.1,5413,2.977,3821,281.5,1775,4.8 L,2.804,2074,-38.3,0.2 L
Demo Athlete 03,DEMO003,CMJ,6/22/2026,10:30 AM,96.1,3,,0,38.1,899,56.17,211.8,7405,2.733,3839,296.7,2054,3.2 R,2.562,2389,-32.3,4.0 R
Demo Athlete 06,DEMO006,CMJ,6/22/2026,7:28 AM,98.0,3,,0,43.0,772,60.28,216.0,8078,2.904,4728,321.4,2243,1.1 L,2.729,2604,-32.2,5.0 L
Demo Athlete 11,DEMO011,CMJ,6/22/2026,8:34 AM,97.2,3,,0,40.9,842,61.01,214.4,7341,2.833,4026,318.0,2129,6.8 L,2.694,2438,-33.2,13.0 L
Demo Athlete 12,DEMO012,CMJ,6/22/2026,8:30 AM,101.4,3,,0,35.0,690,53.75,223.6,6095,2.619,4231,300.0,1962,2.0 L,2.507,2192,-36.0,3.0 L
Demo Athlete 20,DEMO020,CMJ,6/22/2026,8:40 AM,83.5,3,,0,42.8,841,60.40,184.1,7400,2.898,3378,274.5,1987,10.6 L,2.781,2221,-30.0,14.5 L
Demo Athlete 04,DEMO004,CMJ,6/23/2026,9:25 AM,86.3,3,,0,52.7,830,67.62,190.2,7414,3.214,4905,315.4,2160,3.0 L,3.072,2515,-33.9,3.2 L
Demo Athlete 05,DEMO005,CMJ,6/23/2026,10:47 AM,82.1,3,,0,47.8,750,62.96,181.1,9682,3.064,5462,291.6,2266,0.1 R,2.927,2557,-26.4,7.0 L
Demo Athlete 08,DEMO008,CMJ,6/23/2026,9:03 AM,106.1,3,,0,42.9,839,59.34,233.8,8623,2.902,4352,355.4,2411,1.5 R,2.777,2809,-32.6,2.6 R
Demo Athlete 16,DEMO016,CMJ,6/23/2026,7:50 AM,98.0,3,,0,53.3,755,69.80,216.0,11392,3.234,6402,363.6,2819,3.5 R,3.050,3142,-27.6,6.8 R
Demo Athlete 07,DEMO007,CMJ,6/24/2026,10:53 AM,90.6,3,,0,48.9,894,65.78,199.8,5932,3.097,3295,316.6,2017,11.2 L,2.927,2287,-38.6,1.2 L
Demo Athlete 09,DEMO009,CMJ,6/24/2026,10:08 AM,105.7,3,,0,44.6,840,60.50,233.0,7576,2.959,4026,366.1,2356,0.4 L,2.828,2656,-35.1,5.3 R
Demo Athlete 14,DEMO014,CMJ,6/24/2026,10:04 AM,95.0,3,,0,51.3,890,64.65,209.3,8672,3.174,4488,348.0,2409,1.3 R,3.016,2806,-32.4,1.8 L
Demo Athlete 15,DEMO015,CMJ,6/24/2026,10:56 AM,98.9,3,,0,49.4,747,65.58,218.1,6650,3.113,5084,351.1,2224,2.1 L,2.973,2542,-38.2,7.2 R
Demo Athlete 19,DEMO019,CMJ,6/24/2026,9:55 AM,96.9,3,,0,39.6,906,56.77,213.7,5893,2.787,3249,317.6,1958,11.4 L,2.667,2202,-37.4,12.2 L
Demo Athlete 01,DEMO001,CMJ,6/29/2026,9:12 AM,83.8,3,,0,47.0,804,62.26,184.7,5870,3.035,3594,296.9,1902,0.6 L,2.850,2098,-35.7,1.2 R
Demo Athlete 03,DEMO003,CMJ,6/29/2026,8:46 AM,96.0,3,,0,35.2,868,56.67,211.7,8478,2.626,3863,286.9,2105,4.1 R,2.485,2416,-28.5,1.9 R
Demo Athlete 04,DEMO004,CMJ,6/29/2026,8:31 AM,86.8,3,,0,51.0,896,67.11,191.3,6486,3.164,3516,322.9,2042,1.3 L,3.018,2364,-36.5,8.6 L
Demo Athlete 10,DEMO010,CMJ,6/29/2026,8:34 AM,84.0,3,,0,50.1,776,65.39,185.2,6777,3.134,4551,308.4,2038,1.8 L,2.948,2302,-34.0,6.7 L
Demo Athlete 14,DEMO014,CMJ,6/29/2026,8:09 AM,94.3,3,,0,49.3,854,63.58,207.9,10421,3.109,5265,332.4,2525,0.1 L,2.976,2969,-28.5,1.3 L
Demo Athlete 15,DEMO015,CMJ,6/29/2026,10:37 AM,98.7,3,,0,50.8,719,65.23,217.5,7052,3.156,4849,361.6,2308,0.5 R,2.999,2587,-36.7,0.5 R
Demo Athlete 08,DEMO008,CMJ,6/30/2026,7:39 AM,104.3,3,,0,43.8,820,60.29,229.9,7513,2.933,4156,350.2,2329,0.1 R,2.751,2581,-34.3,0.7 L
Demo Athlete 09,DEMO009,CMJ,6/30/2026,8:55 AM,104.9,3,,0,42.5,791,61.98,231.2,6444,2.886,4421,342.3,2165,1.3 R,2.731,2477,-38.4,6.4 L
Demo Athlete 11,DEMO011,CMJ,6/30/2026,9:52 AM,97.4,3,,0,40.2,909,57.22,214.8,7691,2.809,3999,306.7,2162,2.9 L,2.691,2450,-31.9,5.5 L
Demo Athlete 12,DEMO012,CMJ,6/30/2026,9:28 AM,101.7,3,,0,35.9,709,55.04,224.2,5905,2.653,3480,306.8,1971,0.9 L,2.492,2172,-36.8,3.3 R
Demo Athlete 18,DEMO018,CMJ,6/30/2026,7:52 AM,81.8,3,,0,44.5,757,62.99,180.4,6351,2.954,3646,283.0,1849,10.7 L,2.801,2168,-34.1,11.8 L
Demo Athlete 05,DEMO005,CMJ,7/1/2026,8:33 AM,81.7,3,,0,46.3,695,64.25,180.1,8343,3.015,4870,278.7,2115,5.7 L,2.883,2359,-28.3,2.4 L
Demo Athlete 06,DEMO006,CMJ,7/1/2026,9:42 AM,98.8,3,,0,43.0,780,60.41,217.9,6843,2.903,4199,324.4,2158,5.2 L,2.716,2398,-35.0,5.9 L
Demo Athlete 07,DEMO007,CMJ,7/1/2026,8:39 AM,90.8,3,,0,50.8,825,67.92,200.3,6697,3.157,4229,325.5,2163,3.2 L,2.964,2385,-35.6,1.1 L
Demo Athlete 13,DEMO013,CMJ,7/1/2026,8:24 AM,103.5,3,,0,42.8,730,61.61,228.1,6818,2.899,4220,348.2,2226,7.7 L,2.781,2449,-35.9,1.6 L
Demo Athlete 17,DEMO017,CMJ,7/1/2026,8:06 AM,104.4,3,,0,35.4,788,55.95,230.1,7713,2.636,4124,319.5,2135,1.2 R,2.468,2516,-32.6,6.3 L
Demo Athlete 03,DEMO003,CMJ,7/6/2026,8:18 AM,96.2,3,,0,37.7,876,55.67,212.1,8936,2.721,4293,296.5,2184,2.2 R,2.609,2568,-28.7,1.0 R
Demo Athlete 08,DEMO008,CMJ,7/6/2026,10:18 AM,105.5,3,,0,44.2,881,62.36,232.7,8341,2.945,4289,358.0,2396,0.0 L,2.759,2805,-33.6,0.4 L
Demo Athlete 09,DEMO009,CMJ,7/6/2026,9:59 AM,104.8,3,,0,43.9,766,62.33,230.9,8533,2.933,4785,347.3,2399,0.5 R,2.731,2804,-32.9,2.2 R
Demo Athlete 12,DEMO012,CMJ,7/6/2026,9:17 AM,101.5,3,,0,36.0,705,55.33,223.7,5986,2.658,3724,305.7,1978,3.8 R,2.507,2183,-36.5,5.0 R
Demo Athlete 14,DEMO014,CMJ,7/6/2026,7:11 AM,94.6,3,,0,47.8,807,63.37,208.6,8532,3.061,5136,330.3,2360,0.8 L,2.925,2642,-31.0,1.3 L
Demo Athlete 19,DEMO019,CMJ,7/6/2026,8:34 AM,97.2,3,,0,43.4,824,61.14,214.2,6650,2.918,3895,329.0,2082,18.0 L,2.772,2438,-36.7,10.4 L
Demo Athlete 11,DEMO011,CMJ,7/7/2026,10:20 AM,97.3,3,,0,43.5,849,62.43,214.4,7743,2.923,4287,323.8,2234,9.3 L,2.776,2515,-32.5,2.2 R
Demo Athlete 13,DEMO013,CMJ,7/7/2026,9:36 AM,104.3,3,,0,44.8,720,60.64,230.0,7047,2.965,4334,356.5,2285,4.2 L,2.763,2562,-36.4,4.4 L
Demo Athlete 04,DEMO004,CMJ,7/8/2026,9:27 AM,86.4,3,,0,52.3,851,67.89,190.4,6934,3.203,4031,316.4,2097,3.4 L,3.007,2459,-35.5,3.5 L
Demo Athlete 06,DEMO006,CMJ,7/8/2026,7:39 AM,98.3,3,,0,41.3,792,59.88,216.8,8997,2.846,4386,318.1,2304,5.8 L,2.656,2675,-29.7,4.7 L
Demo Athlete 10,DEMO010,CMJ,7/8/2026,9:03 AM,83.1,3,,0,49.2,818,66.95,183.2,6110,3.106,3536,299.9,1934,0.6 R,2.966,2189,-35.8,1.7 L
Demo Athlete 16,DEMO016,CMJ,7/8/2026,9:04 AM,97.6,3,,0,52.2,738,68.97,215.1,9230,3.201,5751,361.1,2581,0.8 R,3.061,2841,-30.8,7.7 R
Demo Athlete 03,DEMO003,CMJ,7/13/2026,8:31 AM,96.3,3,,0,37.5,884,58.52,212.4,8632,2.712,4248,292.8,2169,0.3 R,2.538,2499,-29.0,0.0 L
Demo Athlete 04,DEMO004,CMJ,7/13/2026,10:29 AM,86.3,3,,0,51.3,819,66.25,190.4,6368,3.173,3958,318.9,2018,5.5 L,2.989,2363,-37.1,6.4 R
Demo Athlete 06,DEMO006,CMJ,7/13/2026,7:02 AM,98.9,3,,0,38.4,770,58.87,218.1,9113,2.745,4803,314.0,2254,6.0 L,2.564,2645,-29.0,0.6 L
Demo Athlete 08,DEMO008,CMJ,7/13/2026,8:16 AM,106.0,3,,0,45.4,871,60.98,233.6,9672,2.986,4831,363.6,2582,0.6 R,2.821,2962,-30.6,3.5 L
Demo Athlete 13,DEMO013,CMJ,7/13/2026,9:27 AM,103.9,3,,0,40.9,697,59.86,229.0,6968,2.833,4555,331.7,2207,7.8 L,2.702,2446,-35.1,6.1 L
Demo Athlete 14,DEMO014,CMJ,7/13/2026,8:36 AM,94.1,3,,0,49.2,851,64.59,207.6,8634,3.108,4984,332.9,2371,3.5 R,2.923,2711,-31.4,1.4 L
Demo Athlete 15,DEMO015,CMJ,7/13/2026,8:18 AM,98.6,3,,0,49.2,712,64.07,217.5,7091,3.106,5279,357.8,2251,0.3 R,2.896,2630,-37.1,1.6 L
Demo Athlete 17,DEMO017,CMJ,7/13/2026,9:26 AM,104.0,3,,0,36.0,782,55.15,229.3,7488,2.658,3551,325.7,2168,0.4 L,2.488,2395,-32.0,2.4 L
Demo Athlete 18,DEMO018,CMJ,7/13/2026,10:54 AM,81.0,3,,0,43.4,758,60.65,178.5,6686,2.918,3836,277.0,1851,9.3 L,2.799,2180,-32.6,8.2 L
Demo Athlete 05,DEMO005,CMJ,7/14/2026,7:30 AM,82.7,3,,0,46.1,732,61.85,182.2,7625,3.008,4878,287.6,2041,4.1 L,2.826,2317,-30.4,1.0 L
Demo Athlete 07,DEMO007,CMJ,7/14/2026,10:47 AM,91.6,3,,0,49.5,912,66.22,202.0,6248,3.115,3173,321.7,2086,4.3 L,2.945,2340,-37.4,0.5 L
Demo Athlete 09,DEMO009,CMJ,7/14/2026,10:09 AM,104.6,3,,0,43.5,802,61.06,230.5,7822,2.921,4950,345.5,2317,0.3 L,2.748,2702,-34.5,3.9 L
Demo Athlete 10,DEMO010,CMJ,7/14/2026,7:27 AM,83.7,3,,0,47.5,822,64.67,184.5,6581,3.053,3765,292.7,1972,0.8 R,2.856,2232,-33.9,2.5 L
Demo Athlete 01,DEMO001,CMJ,7/15/2026,7:32 AM,83.5,3,,0,44.6,729,60.19,184.2,5742,2.959,3990,287.6,1811,2.1 R,2.780,2119,-36.9,2.7 R
Demo Athlete 02,DEMO002,CMJ,7/15/2026,9:40 AM,94.5,3,,0,47.7,822,65.80,208.2,7066,3.060,4169,324.5,2211,0.3 R,2.853,2433,-34.4,2.7 L
Demo Athlete 11,DEMO011,CMJ,7/15/2026,8:20 AM,97.1,3,,0,38.5,827,58.33,214.1,7159,2.748,3767,311.7,2074,2.8 L,2.582,2340,-32.7,3.2 L
Demo Athlete 16,DEMO016,CMJ,7/15/2026,7:50 AM,96.6,3,,0,50.5,808,65.06,213.0,10893,3.148,5187,343.1,2682,3.2 R,3.002,3007,-27.6,0.0 R
Demo Athlete 01,DEMO001,CMJ,7/20/2026,8:39 AM,83.2,3,,0,44.7,819,61.36,183.4,5901,2.961,3329,277.5,1837,2.2 R,2.763,2109,-35.7,0.9 R
Demo Athlete 02,DEMO002,CMJ,7/20/2026,8:10 AM,94.1,3,,0,47.5,878,63.51,207.4,7416,3.053,3829,321.9,2214,0.6 R,2.847,2518,-34.0,0.4 L
Demo Athlete 04,DEMO004,CMJ,7/20/2026,8:13 AM,86.4,3,,0,52.4,889,67.48,190.5,6742,3.207,3780,317.9,2095,7.6 L,2.987,2401,-35.6,2.6 L
Demo Athlete 06,DEMO006,CMJ,7/20/2026,7:19 AM,99.1,3,,0,41.1,722,59.14,218.5,8874,2.839,5146,324.4,2312,5.1 L,2.723,2645,-29.8,1.8 L
Demo Athlete 07,DEMO007,CMJ,7/20/2026,10:39 AM,90.9,3,,0,44.2,875,59.90,200.4,5597,2.946,3413,308.8,1923,0.4 L,2.803,2140,-38.2,4.7 L
Demo Athlete 12,DEMO012,CMJ,7/20/2026,10:33 AM,101.7,3,,0,36.0,666,57.38,224.2,5385,2.658,3590,316.6,1893,3.1 L,2.541,2161,-40.1,4.0 L
Demo Athlete 14,DEMO014,CMJ,7/20/2026,8:02 AM,94.0,3,,0,49.6,878,67.16,207.3,8514,3.120,4517,341.5,2388,1.7 L,2.989,2659,-31.2,3.0 R
Demo Athlete 08,DEMO008,CMJ,7/21/2026,7:57 AM,106.2,3,,0,44.4,832,60.81,234.0,8818,2.953,4354,352.7,2484,3.8 R,2.781,2830,-32.1,4.1 R
Demo Athlete 11,DEMO011,CMJ,7/21/2026,9:07 AM,97.8,3,,0,42.8,835,61.42,215.6,7832,2.899,3833,318.5,2233,1.5 L,2.703,2526,-32.3,6.4 L
Demo Athlete 16,DEMO016,CMJ,7/21/2026,9:18 AM,96.5,3,,0,49.7,755,66.35,212.8,10830,3.124,5854,355.7,2620,2.6 R,2.955,3049,-28.2,0.6 R
Demo Athlete 19,DEMO019,CMJ,7/21/2026,10:55 AM,98.1,3,,0,41.4,906,60.07,216.2,6048,2.851,3110,319.0,2018,14.3 L,2.674,2283,-37.8,10.4 L
Demo Athlete 20,DEMO020,CMJ,7/21/2026,9:04 AM,83.6,3,,0,47.4,883,62.64,184.4,6929,3.051,3993,293.1,2009,10.0 L,2.905,2269,-32.7,20.3 L
Demo Athlete 09,DEMO009,CMJ,7/22/2026,9:33 AM,105.1,3,,0,43.4,792,60.50,231.8,6696,2.918,4382,345.9,2208,3.6 L,2.761,2546,-38.0,7.5 L
Demo Athlete 10,DEMO010,CMJ,7/22/2026,8:54 AM,83.1,3,,0,48.8,785,63.21,183.3,6444,3.095,4420,298.9,1946,1.7 L,2.888,2270,-35.2,4.8 R
Demo Athlete 15,DEMO015,CMJ,7/22/2026,10:00 AM,98.9,3,,0,47.9,729,62.76,217.9,6703,3.065,4654,341.5,2217,1.4 R,2.870,2495,-37.2,0.3 L
Demo Athlete 01,DEMO001,CMJ,7/27/2026,9:49 AM,82.5,3,,0,48.1,809,64.67,181.8,5610,3.071,3776,290.5,1831,1.9 R,2.863,2135,-38.1,0.6 R
Demo Athlete 04,DEMO004,CMJ,7/27/2026,8:29 AM,85.8,3,,0,54.4,884,67.53,189.2,6934,3.267,4172,318.6,2127,5.8 L,3.119,2469,-35.6,1.0 R
Demo Athlete 07,DEMO007,CMJ,7/27/2026,8:07 AM,91.7,3,,0,46.3,900,64.95,202.1,6421,3.015,3275,316.5,2050,0.9 R,2.835,2326,-36.2,4.7 L
Demo Athlete 10,DEMO010,CMJ,7/27/2026,7:57 AM,83.8,3,,0,47.0,852,65.46,184.6,6950,3.037,3832,299.7,2014,2.9 R,2.907,2252,-32.4,4.2 R
Demo Athlete 12,DEMO012,CMJ,7/27/2026,9:14 AM,102.0,3,,0,36.0,702,54.91,225.0,6120,2.659,4078,304.3,1961,3.0 R,2.528,2300,-37.6,4.5 R
Demo Athlete 13,DEMO013,CMJ,7/27/2026,7:47 AM,104.2,3,,0,41.9,697,58.25,229.7,6952,2.866,4700,346.7,2207,2.8 L,2.710,2512,-36.1,0.1 L
Demo Athlete 14,DEMO014,CMJ,7/27/2026,9:19 AM,94.4,3,,0,50.0,851,65.61,208.1,9785,3.133,5512,347.7,2480,2.0 R,2.983,2918,-29.8,2.6 L
Demo Athlete 15,DEMO015,CMJ,7/27/2026,7:19 AM,98.4,3,,0,53.3,697,69.83,217.0,7214,3.235,5431,365.9,2371,2.2 L,3.048,2642,-36.6,2.5 R
Demo Athlete 16,DEMO016,CMJ,7/27/2026,8:22 AM,96.6,3,,0,51.8,722,65.19,212.9,12704,3.187,6894,345.1,2869,4.6 R,2.985,3243,-25.5,0.9 L
Demo Athlete 17,DEMO017,CMJ,7/27/2026,8:44 AM,103.9,3,,0,34.9,826,56.31,229.0,6488,2.616,3328,313.9,2008,2.2 R,2.479,2333,-36.0,2.2 L
Demo Athlete 02,DEMO002,CMJ,7/28/2026,9:55 AM,93.1,3,,0,50.4,813,67.84,205.2,7290,3.144,3943,341.0,2260,0.6 L,2.978,2490,-34.2,1.3 R
Demo Athlete 05,DEMO005,CMJ,7/28/2026,9:12 AM,82.2,3,,0,44.5,725,62.16,181.2,8651,2.953,5382,280.3,2074,2.0 L,2.828,2444,-28.3,2.1 R
Demo Athlete 08,DEMO008,CMJ,7/28/2026,10:41 AM,105.7,3,,0,41.9,848,61.68,233.0,8800,2.867,4394,351.2,2452,3.1 R,2.724,2702,-30.7,4.4 R
Demo Athlete 09,DEMO009,CMJ,7/28/2026,10:00 AM,104.5,3,,0,40.7,866,57.86,230.4,7356,2.827,3791,333.4,2256,2.2 L,2.631,2494,-33.9,5.3 L
Demo Athlete 11,DEMO011,CMJ,7/28/2026,10:45 AM,98.0,3,,0,40.2,849,60.56,216.0,8001,2.808,3944,316.2,2177,3.4 L,2.684,2543,-31.8,6.4 L
Demo Athlete 06,DEMO006,CMJ,7/29/2026,8:22 AM,99.5,3,,0,41.4,834,59.62,219.3,8624,2.850,3999,324.7,2312,6.3 L,2.730,2608,-30.2,5.3 L
Demo Athlete 18,DEMO018,CMJ,7/29/2026,9:45 AM,81.3,3,,0,44.5,765,62.07,179.1,4827,2.953,3199,271.8,1671,9.9 L,2.801,1958,-40.6,2.7 L
Demo Athlete 01,DEMO001,CMJ,8/3/2026,8:48 AM,83.4,3,,0,46.9,772,62.80,183.8,6413,3.033,4228,290.6,1914,3.2 L,2.838,2243,-35.0,3.7 R
Demo Athlete 03,DEMO003,CMJ,8/3/2026,9:40 AM,96.9,3,,0,38.8,838,58.34,213.6,8264,2.759,4276,300.4,2168,3.6 R,2.638,2504,-30.3,10.0 R
Demo Athlete 05,DEMO005,CMJ,8/3/2026,9:12 AM,83.3,3,,0,45.1,778,60.84,183.7,8937,2.974,4618,282.3,2129,2.0 L,2.795,2510,-28.1,1.3 R
Demo Athlete 06,DEMO006,CMJ,8/3/2026,9:44 AM,98.4,3,,0,42.2,729,59.64,217.0,7989,2.876,4408,321.1,2245,3.4 L,2.696,2543,-31.8,9.7 L
Demo Athlete 08,DEMO008,CMJ,8/3/2026,7:07 AM,105.9,3,,0,42.7,833,59.93,233.5,7445,2.895,3870,356.9,2329,7.5 R,2.721,2562,-34.4,7.7 R
Demo Athlete 11,DEMO011,CMJ,8/3/2026,8:54 AM,97.4,3,,0,40.3,881,57.27,214.7,7807,2.810,3682,315.7,2176,5.9 L,2.638,2461,-31.5,5.7 L
Demo Athlete 13,DEMO013,CMJ,8/3/2026,8:46 AM,103.9,3,,0,39.3,747,56.61,229.0,6913,2.778,4280,337.1,2168,4.8 L,2.630,2412,-34.9,7.3 L
Demo Athlete 14,DEMO014,CMJ,8/3/2026,7:39 AM,95.1,3,,0,50.3,831,66.74,209.5,8480,3.142,4428,340.8,2405,0.7 R,3.012,2702,-31.9,3.9 R
Demo Athlete 15,DEMO015,CMJ,8/3/2026,7:28 AM,98.5,3,,0,48.3,701,63.56,217.2,6571,3.077,4497,356.4,2183,2.5 R,2.868,2519,-38.3,0.5 R
Demo Athlete 19,DEMO019,CMJ,8/3/2026,8:39 AM,97.1,3,,0,43.4,966,60.12,214.0,5881,2.919,3346,325.7,2010,8.3 L,2.721,2297,-39.1,4.9 L
Demo Athlete 02,DEMO002,CMJ,8/4/2026,10:37 AM,94.5,3,,0,49.7,892,66.09,208.4,6405,3.121,3794,341.6,2160,2.3 R,2.935,2392,-37.3,1.0 R
Demo Athlete 04,DEMO004,CMJ,8/4/2026,7:26 AM,86.2,3,,0,53.0,868,67.49,190.1,6464,3.226,4240,326.8,2077,6.2 L,3.038,2355,-36.4,6.9 L
Demo Athlete 07,DEMO007,CMJ,8/4/2026,7:14 AM,91.8,3,,0,51.1,854,67.18,202.3,6849,3.166,4347,325.5,2174,0.7 R,2.983,2472,-36.1,6.3 L
Demo Athlete 09,DEMO009,CMJ,8/4/2026,9:54 AM,105.0,3,,0,42.3,834,59.59,231.4,7325,2.882,4096,340.3,2274,1.5 L,2.723,2567,-35.1,0.5 L
Demo Athlete 20,DEMO020,CMJ,8/4/2026,9:32 AM,82.7,3,,0,46.8,882,62.27,182.4,8388,3.031,4101,286.1,2150,12.6 L,2.861,2383,-28.4,9.7 L
Demo Athlete 12,DEMO012,CMJ,8/5/2026,7:08 AM,102.5,3,,0,34.6,716,53.58,225.9,6170,2.607,4179,310.3,1956,1.8 R,2.495,2259,-36.6,4.0 L
Demo Athlete 16,DEMO016,CMJ,8/5/2026,10:57 AM,97.1,3,,0,47.4,793,63.30,214.1,9520,3.050,5546,348.0,2484,2.9 R,2.907,2809,-29.5,7.7 R
Demo Athlete 04,DEMO004,CMJ,8/10/2026,8:15 AM,85.9,3,,0,52.6,907,65.36,189.4,5460,3.213,3244,322.6,1951,2.3 L,3.048,2185,-40.0,7.4 L
Demo Athlete 06,DEMO006,CMJ,8/10/2026,10:31 AM,97.5,3,,0,44.1,784,61.45,214.9,7764,2.943,4483,323.3,2259,8.8 L,2.794,2517,-32.4,2.3 L
Demo Athlete 11,DEMO011,CMJ,8/10/2026,9:48 AM,97.2,3,,0,40.4,860,60.25,214.2,7685,2.814,3757,319.5,2144,6.8 L,2.635,2483,-32.3,2.8 L
Demo Athlete 13,DEMO013,CMJ,8/10/2026,8:33 AM,104.3,3,,0,42.3,714,61.35,229.9,7939,2.879,4760,337.9,2341,2.1 L,2.755,2603,-32.8,0.3 L
Demo Athlete 14,DEMO014,CMJ,8/10/2026,7:20 AM,95.3,3,,0,50.2,873,67.02,210.1,9322,3.137,4495,346.1,2510,0.2 R,2.978,2775,-29.8,1.7 R
Demo Athlete 17,DEMO017,CMJ,8/10/2026,9:35 AM,102.8,3,,0,38.2,810,58.20,226.5,8136,2.737,3972,316.0,2234,2.2 R,2.608,2555,-31.4,3.1 R
Demo Athlete 18,DEMO018,CMJ,8/10/2026,7:55 AM,81.6,3,,0,45.9,696,64.31,179.8,6378,3.001,3921,277.8,1894,4.3 L,2.859,2142,-33.6,3.1 L
Demo Athlete 02,DEMO002,CMJ,8/11/2026,10:11 AM,94.3,3,,0,49.7,873,64.62,207.9,7275,3.122,4335,339.6,2226,3.5 R,2.953,2569,-35.3,1.0 R
Demo Athlete 09,DEMO009,CMJ,8/11/2026,8:12 AM,103.9,3,,0,41.0,856,60.27,229.0,6896,2.836,3640,339.9,2165,5.8 L,2.709,2514,-36.5,0.5 R
Demo Athlete 01,DEMO001,CMJ,8/12/2026,8:09 AM,83.4,3,,0,43.9,816,60.80,183.9,5556,2.933,3516,280.4,1791,1.2 R,2.738,2051,-36.9,9.0 R
Demo Athlete 03,DEMO003,CMJ,8/12/2026,9:25 AM,95.1,3,,0,37.9,802,55.51,209.8,8286,2.725,4191,304.9,2121,3.1 L,2.584,2466,-29.8,3.4 R
Demo Athlete 05,DEMO005,CMJ,8/12/2026,9:56 AM,82.5,3,,0,43.5,726,59.67,181.8,7359,2.922,4293,271.9,1975,3.1 L,2.803,2221,-30.2,1.6 L
Demo Athlete 07,DEMO007,CMJ,8/12/2026,8:18 AM,90.5,3,,0,48.5,882,66.39,199.4,6633,3.083,3767,315.6,2092,1.2 L,2.916,2368,-35.7,8.7 L
Demo Athlete 10,DEMO010,CMJ,8/12/2026,7:10 AM,83.7,3,,0,47.7,833,65.48,184.6,6218,3.058,3469,290.6,1945,0.2 R,2.885,2166,-34.8,0.8 L
Demo Athlete 12,DEMO012,CMJ,8/12/2026,7:55 AM,101.5,3,,0,36.3,685,56.33,223.8,6483,2.669,4218,310.7,2015,1.8 L,2.485,2301,-35.5,2.8 R
Demo Athlete 16,DEMO016,CMJ,8/12/2026,10:59 AM,97.4,3,,0,52.2,742,68.90,214.6,9515,3.200,5834,361.2,2547,1.1 R,3.021,2978,-31.3,0.8 L
Demo Athlete 02,DEMO002,CMJ,8/17/2026,8:01 AM,94.3,3,,0,50.2,828,64.22,207.8,6572,3.138,4269,333.3,2162,0.3 R,2.976,2465,-37.5,4.9 R
Demo Athlete 08,DEMO008,CMJ,8/17/2026,8:13 AM,105.8,3,,0,44.7,866,60.87,233.2,8045,2.962,4142,358.4,2414,5.2 R,2.813,2713,-33.7,1.6 R
Demo Athlete 13,DEMO013,CMJ,8/17/2026,9:57 AM,104.0,3,,0,42.0,647,59.00,229.2,6616,2.872,4615,337.9,2191,8.3 L,2.755,2421,-36.6,4.7 L
Demo Athlete 15,DEMO015,CMJ,8/17/2026,9:35 AM,99.8,3,,0,52.1,722,66.05,220.1,7221,3.196,5738,364.4,2338,1.4 R,3.008,2709,-37.5,1.2 R
Demo Athlete 16,DEMO016,CMJ,8/17/2026,10:04 AM,97.6,3,,0,50.6,774,66.79,215.2,9924,3.150,5671,353.0,2556,1.6 R,3.018,3007,-30.3,3.8 L
Demo Athlete 19,DEMO019,CMJ,8/17/2026,7:08 AM,97.4,3,,0,41.1,922,60.38,214.7,6297,2.841,3105,324.2,2029,7.9 L,2.703,2304,-36.6,2.8 L
Demo Athlete 01,DEMO001,CMJ,8/18/2026,10:49 AM,83.2,3,,0,50.2,777,63.82,183.5,6215,3.140,3959,298.9,1969,0.7 R,2.987,2212,-35.6,0.8 L
Demo Athlete 03,DEMO003,CMJ,8/18/2026,8:11 AM,96.3,3,,0,38.3,880,58.09,212.4,7247,2.741,3804,303.1,2077,1.6 R,2.560,2319,-32.0,2.1 L
Demo Athlete 06,DEMO006,CMJ,8/18/2026,7:40 AM,97.6,3,,0,41.0,747,58.74,215.2,9325,2.835,5597,314.3,2315,1.5 L,2.648,2695,-28.9,4.9 L
Demo Athlete 09,DEMO009,CMJ,8/18/2026,8:32 AM,106.0,3,,0,43.6,810,59.96,233.7,8176,2.926,4512,359.5,2428,0.4 L,2.786,2671,-32.7,3.9 R
Demo Athlete 11,DEMO011,CMJ,8/18/2026,10:39 AM,97.5,3,,0,41.0,832,59.89,215.0,7424,2.836,3679,324.0,2168,3.4 L,2.722,2403,-32.4,7.6 L
Demo Athlete 12,DEMO012,CMJ,8/18/2026,8:17 AM,101.5,3,,0,37.1,714,56.37,223.7,6185,2.699,3545,311.4,2017,4.2 R,2.538,2237,-36.2,1.6 R
Demo Athlete 20,DEMO020,CMJ,8/18/2026,9:01 AM,84.0,3,,0,47.2,845,62.53,185.2,8082,3.042,4745,295.0,2096,6.0 L,2.856,2471,-30.6,7.4 L
Demo Athlete 04,DEMO004,CMJ,8/19/2026,9:01 AM,86.6,3,,0,53.1,841,66.27,190.9,6721,3.228,4114,313.5,2095,0.8 L,3.052,2436,-36.2,0.1 L
Demo Athlete 07,DEMO007,CMJ,8/19/2026,9:56 AM,90.6,3,,0,52.6,906,68.87,199.7,7366,3.214,4287,336.3,2256,1.6 L,3.057,2519,-34.2,4.5 L
Demo Athlete 10,DEMO010,CMJ,8/19/2026,8:13 AM,83.2,3,,0,50.7,829,64.39,183.4,7038,3.154,4593,307.1,2042,5.4 R,2.934,2376,-33.8,2.8 R
Demo Athlete 14,DEMO014,CMJ,8/19/2026,8:55 AM,94.4,3,,0,51.5,884,66.04,208.1,10550,3.179,5412,345.7,2591,0.6 L,2.981,3021,-28.6,6.3 R
Demo Athlete 03,DEMO003,CMJ,8/24/2026,8:38 AM,96.3,3,,0,36.8,884,56.08,212.3,7375,2.688,3414,296.6,2048,0.1 R,2.507,2324,-31.5,4.5 R
Demo Athlete 05,DEMO005,CMJ,8/24/2026,8:53 AM,82.6,3,,0,48.4,787,65.67,182.1,8435,3.081,4253,285.6,2185,5.1 L,2.891,2405,-28.5,3.9 L
Demo Athlete 06,DEMO006,CMJ,8/24/2026,9:12 AM,98.5,3,,0,41.8,740,60.20,217.1,7861,2.864,4589,320.7,2203,3.2 L,2.733,2567,-32.7,3.3 L
Demo Athlete 08,DEMO008,CMJ,8/24/2026,9:18 AM,104.5,3,,0,43.7,891,59.75,230.3,8127,2.928,4274,343.5,2354,3.1 R,2.739,2738,-33.7,4.3 R
Demo Athlete 10,DEMO010,CMJ,8/24/2026,8:37 AM,83.2,3,,0,51.6,848,67.87,183.5,7074,3.183,3876,310.4,2078,2.3 L,3.054,2364,-33.4,0.2 L
Demo Athlete 11,DEMO011,CMJ,8/24/2026,10:02 AM,97.2,3,,0,42.5,834,61.28,214.2,7021,2.889,3404,327.6,2153,5.1 L,2.750,2373,-33.8,8.1 L
Demo Athlete 12,DEMO012,CMJ,8/24/2026,10:01 AM,101.8,3,,0,36.8,704,57.28,224.4,6531,2.685,3942,321.9,2040,2.4 L,2.507,2304,-35.3,4.5 R
Demo Athlete 13,DEMO013,CMJ,8/24/2026,7:50 AM,103.9,3,,0,43.0,687,61.92,229.2,7969,2.905,4919,354.0,2346,8.7 L,2.704,2636,-33.1,2.9 L
Demo Athlete 14,DEMO014,CMJ,8/24/2026,7:54 AM,94.8,3,,0,50.8,876,67.89,209.0,10494,3.157,5379,347.9,2587,1.2 R,2.950,2993,-28.5,0.4 R
Demo Athlete 15,DEMO015,CMJ,8/24/2026,10:35 AM,98.9,3,,0,52.3,713,66.63,217.9,7168,3.203,5560,364.9,2339,2.8 R,3.075,2654,-37.0,1.1 L
Demo Athlete 18,DEMO018,CMJ,8/24/2026,8:27 AM,80.8,3,,0,43.6,690,62.56,178.1,6022,2.925,4410,273.6,1787,4.0 L,2.757,2093,-34.8,5.4 L
Demo Athlete 02,DEMO002,CMJ,8/25/2026,9:46 AM,94.7,3,,0,48.1,818,65.56,208.8,7348,3.071,4012,331.4,2246,3.9 R,2.934,2492,-33.9,0.4 R
Demo Athlete 09,DEMO009,CMJ,8/25/2026,10:11 AM,105.7,3,,0,43.6,818,62.31,233.0,8262,2.925,4411,348.0,2376,0.5 R,2.758,2790,-33.8,4.4 L
Demo Athlete 07,DEMO007,CMJ,8/26/2026,9:33 AM,91.2,3,,0,49.5,894,64.34,201.0,6128,3.117,3324,319.1,2047,0.7 L,2.923,2356,-38.4,0.7 L
Demo Athlete 17,DEMO017,CMJ,8/26/2026,7:10 AM,102.9,3,,0,35.1,783,55.71,226.8,7573,2.625,4045,311.6,2105,1.8 L,2.463,2451,-32.4,3.5 R
Demo Athlete 01,DEMO001,CMJ,8/31/2026,9:54 AM,82.5,3,,0,47.4,794,62.46,181.8,5294,3.051,3232,292.4,1814,1.9 L,2.891,2021,-38.2,2.2 L
Demo Athlete 07,DEMO007,CMJ,8/31/2026,10:11 AM,91.5,3,,0,46.3,811,62.47,201.6,6443,3.013,3873,311.8,2031,1.3 L,2.891,2359,-36.6,3.8 L
Demo Athlete 08,DEMO008,CMJ,8/31/2026,8:20 AM,104.8,3,,0,44.8,861,60.34,231.1,7219,2.965,4039,352.4,2283,1.6 L,2.774,2651,-36.7,0.0 R
Demo Athlete 10,DEMO010,CMJ,8/31/2026,9:38 AM,83.5,3,,0,47.4,812,64.22,184.1,6346,3.050,3674,298.2,1928,1.2 R,2.900,2221,-35.0,5.2 R
Demo Athlete 13,DEMO013,CMJ,8/31/2026,7:53 AM,103.6,3,,0,41.0,670,59.46,228.4,7353,2.835,4768,339.2,2203,8.4 L,2.660,2579,-35.1,5.3 L
Demo Athlete 19,DEMO019,CMJ,8/31/2026,10:02 AM,96.7,3,,0,46.3,905,61.31,213.3,5728,3.014,3673,332.3,2023,3.0 L,2.874,2345,-40.9,3.7 L
Demo Athlete 05,DEMO005,CMJ,9/1/2026,9:18 AM,82.5,3,,0,46.1,701,61.43,181.9,9884,3.007,5853,291.5,2247,4.6 L,2.822,2564,-25.9,5.6 L
Demo Athlete 06,DEMO006,CMJ,9/1/2026,8:18 AM,97.6,3,,0,44.9,789,61.26,215.2,7639,2.968,4190,340.4,2246,3.6 L,2.770,2549,-33.4,1.4 L
Demo Athlete 09,DEMO009,CMJ,9/1/2026,8:40 AM,105.4,3,,0,44.7,883,60.67,232.3,7622,2.962,4070,362.2,2324,7.0 L,2.758,2731,-35.8,7.5 L
Demo Athlete 11,DEMO011,CMJ,9/1/2026,9:19 AM,97.5,3,,0,41.3,791,58.65,215.1,7713,2.846,4521,323.4,2164,6.0 L,2.700,2524,-32.7,5.8 L
Demo Athlete 14,DEMO014,CMJ,9/1/2026,7:41 AM,95.1,3,,0,51.8,869,68.65,209.6,8794,3.187,4570,352.0,2478,0.2 R,3.031,2746,-31.2,4.4 R
Demo Athlete 15,DEMO015,CMJ,9/1/2026,8:29 AM,98.5,3,,0,53.0,816,68.36,217.2,6171,3.224,4269,367.2,2242,0.2 L,3.000,2478,-40.2,2.3 R
Demo Athlete 03,DEMO003,CMJ,9/2/2026,8:14 AM,95.9,3,,0,40.2,802,57.31,211.5,7969,2.807,4624,307.0,2146,1.7 R,2.627,2500,-31.4,3.6 R
Demo Athlete 04,DEMO004,CMJ,9/2/2026,8:13 AM,86.8,3,,0,53.2,865,68.56,191.4,6894,3.232,3981,316.7,2154,3.4 L,3.077,2401,-34.8,7.6 L
Demo Athlete 20,DEMO020,CMJ,9/2/2026,8:14 AM,84.1,3,,0,49.5,829,65.24,185.5,7516,3.116,4255,300.3,2120,7.7 L,2.983,2372,-31.6,8.2 L
Demo Athlete 03,DEMO003,CMJ,9/7/2026,9:21 AM,96.6,3,,0,38.3,864,58.55,213.0,8352,2.740,4344,307.9,2147,0.4 R,2.605,2524,-30.2,0.1 R
Demo Athlete 09,DEMO009,CMJ,9/7/2026,9:40 AM,104.8,3,,0,42.4,835,61.51,231.1,7536,2.886,4604,340.1,2284,1.7 L,2.767,2619,-34.7,1.3 L
Demo Athlete 11,DEMO011,CMJ,9/7/2026,7:50 AM,97.0,3,,0,40.7,924,58.96,213.9,8316,2.827,3495,308.5,2230,5.5 L,2.703,2523,-30.3,12.8 L
Demo Athlete 12,DEMO012,CMJ,9/7/2026,9:46 AM,101.8,3,,0,37.9,728,56.72,224.5,5218,2.727,3726,317.2,1922,2.7 R,2.617,2139,-41.0,2.9 L
Demo Athlete 15,DEMO015,CMJ,9/7/2026,8:43 AM,98.5,3,,0,54.7,688,67.98,217.2,8023,3.275,5916,376.2,2462,0.4 R,3.138,2836,-35.3,1.1 L
Demo Athlete 16,DEMO016,CMJ,9/7/2026,7:25 AM,97.0,3,,0,51.8,722,64.89,213.9,10162,3.188,5751,356.4,2657,5.0 R,2.998,2940,-28.9,2.9 R
Demo Athlete 01,DEMO001,CMJ,9/8/2026,9:44 AM,83.9,3,,0,46.7,748,64.59,185.0,6546,3.029,4153,296.6,1933,0.0 L,2.863,2272,-34.7,0.3 L
Demo Athlete 13,DEMO013,CMJ,9/8/2026,8:35 AM,104.6,3,,0,42.1,758,59.54,230.7,7334,2.875,4803,348.1,2261,6.0 L,2.751,2569,-35.0,5.0 L
Demo Athlete 18,DEMO018,CMJ,9/8/2026,8:21 AM,81.9,3,,0,42.3,776,60.79,180.5,5702,2.882,3801,268.4,1761,6.2 L,2.689,2025,-35.5,5.6 L
Demo Athlete 02,DEMO002,CMJ,9/9/2026,9:14 AM,94.2,3,,0,47.2,872,62.63,207.7,6962,3.043,3907,321.7,2177,0.3 R,2.894,2424,-34.8,4.2 L
Demo Athlete 04,DEMO004,CMJ,9/9/2026,8:05 AM,86.6,3,,0,52.2,869,67.87,190.9,6057,3.200,3725,312.3,2033,5.6 L,3.063,2270,-37.5,4.4 L
Demo Athlete 06,DEMO006,CMJ,9/9/2026,9:34 AM,98.4,3,,0,43.1,777,62.12,216.9,8696,2.908,4890,331.2,2316,1.3 L,2.744,2678,-30.8,6.2 L
Demo Athlete 07,DEMO007,CMJ,9/9/2026,8:05 AM,90.8,3,,0,49.6,878,63.35,200.2,6175,3.118,3674,333.8,2046,5.2 L,2.913,2359,-38.2,3.2 L
Demo Athlete 08,DEMO008,CMJ,9/9/2026,8:57 AM,104.8,3,,0,43.0,878,61.90,231.0,8051,2.903,4206,351.8,2371,0.0 R,2.744,2648,-32.9,10.3 R
Demo Athlete 10,DEMO010,CMJ,9/9/2026,9:57 AM,83.7,3,,0,49.1,833,64.09,184.5,6833,3.102,4297,291.8,2021,1.3 L,2.969,2293,-33.6,3.7 L
Demo Athlete 14,DEMO014,CMJ,9/9/2026,10:24 AM,94.5,3,,0,50.7,872,64.99,208.3,8068,3.154,4554,351.2,2322,4.1 L,2.987,2717,-33.7,1.2 R
Demo Athlete 17,DEMO017,CMJ,9/9/2026,10:34 AM,104.3,3,,0,38.6,758,58.65,230.0,8680,2.751,4319,326.3,2320,0.3 R,2.606,2642,-30.4,2.5 R
Demo Athlete 01,DEMO001,CMJ,9/14/2026,8:06 AM,83.4,3,,0,46.5,770,61.66,183.8,4799,3.021,3398,292.8,1752,1.6 L,2.848,1956,-40.8,1.4 R
Demo Athlete 03,DEMO003,CMJ,9/14/2026,8:51 AM,96.0,3,,0,36.3,852,54.58,211.7,8154,2.668,3489,297.6,2109,3.1 R,2.486,2390,-29.3,0.2 R
Demo Athlete 04,DEMO004,CMJ,9/14/2026,9:36 AM,87.1,3,,0,51.3,920,64.94,192.0,6880,3.172,4181,315.9,2092,2.7 L,2.983,2434,-35.4,1.2 L
Demo Athlete 06,DEMO006,CMJ,9/14/2026,9:55 AM,98.7,3,,0,43.0,761,61.68,217.5,8816,2.904,4756,331.4,2314,5.2 L,2.706,2726,-30.9,2.6 L
Demo Athlete 09,DEMO009,CMJ,9/14/2026,10:49 AM,104.9,3,,0,43.1,815,60.00,231.4,6875,2.907,3827,343.4,2214,2.3 L,2.730,2576,-37.5,0.2 L
Demo Athlete 10,DEMO010,CMJ,9/14/2026,10:52 AM,83.8,3,,0,50.5,815,65.22,184.8,6052,3.146,3811,297.8,1954,0.9 R,2.997,2219,-36.7,0.9 L
Demo Athlete 12,DEMO012,CMJ,9/14/2026,10:33 AM,100.9,3,,0,37.8,677,55.48,222.4,5381,2.723,4093,311.5,1930,5.4 R,2.568,2141,-39.8,5.9 R
Demo Athlete 14,DEMO014,CMJ,9/14/2026,7:25 AM,94.9,3,,0,51.2,875,64.69,209.3,9271,3.171,5007,354.0,2522,1.6 R,3.043,2781,-30.0,4.7 R
Demo Athlete 15,DEMO015,CMJ,9/14/2026,9:10 AM,98.2,3,,0,51.4,693,65.26,216.5,6919,3.176,5349,366.2,2268,0.3 R,3.002,2627,-38.0,7.5 R
Demo Athlete 19,DEMO019,CMJ,9/14/2026,8:27 AM,97.2,3,,0,46.4,920,64.30,214.4,7296,3.017,4033,345.4,2208,8.5 L,2.811,2576,-35.3,5.4 L
Demo Athlete 20,DEMO020,CMJ,9/14/2026,8:04 AM,82.4,3,,0,48.5,784,63.70,181.7,7676,3.085,4285,294.9,2071,7.0 L,2.925,2384,-31.1,14.8 L
Demo Athlete 08,DEMO008,CMJ,9/15/2026,7:30 AM,105.9,3,,0,44.9,887,60.46,233.4,7970,2.969,3999,356.8,2406,0.2 L,2.808,2719,-34.1,1.2 R
Demo Athlete 11,DEMO011,CMJ,9/15/2026,7:34 AM,96.7,3,,0,40.6,882,60.64,213.1,9147,2.822,4508,306.4,2289,2.2 L,2.628,2625,-28.7,4.4 L
Demo Athlete 13,DEMO013,CMJ,9/15/2026,8:22 AM,104.2,3,,0,39.0,692,57.48,229.7,7325,2.767,4592,333.6,2196,10.4 L,2.634,2489,-34.0,6.3 L
Demo Athlete 16,DEMO016,CMJ,9/15/2026,10:23 AM,96.5,3,,0,49.8,751,65.28,212.9,11549,3.127,6116,345.6,2703,2.6 R,2.986,3105,-26.9,1.1 R
Demo Athlete 02,DEMO002,CMJ,9/21/2026,9:15 AM,94.4,3,,0,47.9,866,65.88,208.0,6743,3.066,3686,333.6,2145,0.1 L,2.901,2452,-36.4,3.4 R
Demo Athlete 04,DEMO004,CMJ,9/21/2026,7:11 AM,86.6,3,,0,54.5,828,70.13,190.9,6924,3.271,4699,319.9,2154,1.6 L,3.088,2458,-35.5,2.7 L
Demo Athlete 06,DEMO006,CMJ,9/21/2026,8:12 AM,98.7,3,,0,43.7,744,61.90,217.7,8537,2.928,5192,332.3,2309,1.8 L,2.792,2695,-31.6,3.9 L
Demo Athlete 11,DEMO011,CMJ,9/21/2026,8:27 AM,97.5,3,,0,41.3,870,60.36,214.9,7726,2.848,4051,323.0,2197,5.6 L,2.697,2462,-31.9,3.8 L
Demo Athlete 12,DEMO012,CMJ,9/21/2026,10:48 AM,101.2,3,,0,39.0,692,59.73,223.1,5631,2.766,4344,321.3,1967,0.3 L,2.603,2237,-39.7,1.5 L
Demo Athlete 16,DEMO016,CMJ,9/21/2026,7:52 AM,97.2,3,,0,50.6,698,67.96,214.4,11243,3.150,7491,347.3,2678,2.1 R,2.955,3146,-28.0,2.1 R
Demo Athlete 18,DEMO018,CMJ,9/21/2026,7:12 AM,81.7,3,,0,45.8,716,64.09,180.2,5544,2.997,4062,274.5,1810,6.7 L,2.857,2019,-36.4,2.6 L
Demo Athlete 03,DEMO003,CMJ,9/22/2026,10:04 AM,96.3,3,,0,38.9,851,58.85,212.4,7407,2.762,3444,312.8,2100,6.0 R,2.591,2357,-31.8,1.6 R
Demo Athlete 05,DEMO005,CMJ,9/22/2026,9:23 AM,82.8,3,,0,46.8,766,62.08,182.5,7848,3.029,4055,291.3,2097,3.8 L,2.890,2319,-29.6,8.3 L
Demo Athlete 08,DEMO008,CMJ,9/22/2026,8:15 AM,107.3,3,,0,45.9,825,61.98,236.6,7744,3.000,4099,368.6,2426,4.7 R,2.828,2724,-35.2,4.7 R
Demo Athlete 09,DEMO009,CMJ,9/22/2026,9:59 AM,105.5,3,,0,46.1,857,64.90,232.6,7842,3.006,4531,366.3,2385,6.0 L,2.835,2769,-35.3,4.0 L
Demo Athlete 13,DEMO013,CMJ,9/22/2026,8:08 AM,103.8,3,,0,42.4,712,61.50,228.9,8054,2.884,5019,348.9,2313,5.5 L,2.750,2686,-33.3,12.7 L
Demo Athlete 17,DEMO017,CMJ,9/22/2026,8:00 AM,104.3,3,,0,38.6,763,58.95,229.9,7347,2.752,4587,337.4,2204,1.8 L,2.592,2458,-33.5,1.4 R
Demo Athlete 01,DEMO001,CMJ,9/23/2026,8:53 AM,83.7,3,,0,47.3,781,63.18,184.5,6441,3.046,4081,295.7,1926,1.2 L,2.861,2264,-35.1,2.6 R
Demo Athlete 10,DEMO010,CMJ,9/23/2026,9:07 AM,83.1,3,,0,53.4,798,66.49,183.2,5838,3.238,4294,317.2,1957,0.8 R,3.084,2227,-38.1,1.6 R
Demo Athlete 14,DEMO014,CMJ,9/23/2026,8:29 AM,94.6,3,,0,52.4,918,69.09,208.6,9894,3.208,5198,350.8,2581,0.8 R,3.071,2914,-29.5,2.0 L
Demo Athlete 03,DEMO003,CMJ,9/28/2026,7:45 AM,95.9,3,,0,40.3,858,59.61,211.5,6843,2.812,3416,314.4,2072,2.6 R,2.678,2295,-33.5,2.2 R
Demo Athlete 09,DEMO009,CMJ,9/28/2026,7:49 AM,104.0,3,,0,43.9,795,63.03,229.4,6903,2.934,4531,352.5,2209,0.8 R,2.755,2602,-37.7,4.3 L
Demo Athlete 12,DEMO012,CMJ,9/28/2026,9:25 AM,102.4,3,,0,35.4,704,56.03,225.7,5766,2.636,3661,311.4,1918,1.5 L,2.516,2242,-38.9,4.1 R
Demo Athlete 14,DEMO014,CMJ,9/28/2026,9:42 AM,94.8,3,,0,52.4,888,66.45,209.0,9315,3.206,4540,357.3,2531,0.7 R,3.033,2834,-30.4,2.2 L
Demo Athlete 02,DEMO002,CMJ,9/29/2026,7:51 AM,94.9,3,,0,49.7,864,64.91,209.3,7102,3.123,4180,339.9,2230,3.3 R,2.951,2530,-35.6,2.6 R
Demo Athlete 04,DEMO004,CMJ,9/29/2026,8:21 AM,86.5,3,,0,51.7,889,67.20,190.7,6890,3.184,3705,320.9,2082,3.0 L,2.976,2450,-35.6,1.3 L
Demo Athlete 07,DEMO007,CMJ,9/29/2026,8:45 AM,91.0,3,,0,49.8,942,66.63,200.7,6875,3.126,3857,330.4,2133,7.2 L,2.976,2466,-35.9,6.6 L
Demo Athlete 11,DEMO011,CMJ,9/29/2026,9:12 AM,97.8,3,,0,41.5,842,58.30,215.7,8310,2.853,3889,319.1,2272,0.0 L,2.670,2521,-30.3,7.3 L
Demo Athlete 13,DEMO013,CMJ,9/29/2026,10:45 AM,104.3,3,,0,42.7,677,58.81,229.9,7557,2.894,4941,340.8,2262,4.2 L,2.713,2662,-35.2,4.7 L
Demo Athlete 19,DEMO019,CMJ,9/29/2026,7:17 AM,96.6,3,,0,48.4,932,64.68,213.0,6931,3.083,3586,341.8,2224,2.0 L,2.887,2493,-36.0,2.8 L
Demo Athlete 01,DEMO001,CMJ,9/30/2026,7:46 AM,83.5,3,,0,48.1,827,65.30,184.0,6572,3.073,3727,295.2,1973,2.3 L,2.886,2244,-34.1,1.1 L
Demo Athlete 08,DEMO008,CMJ,9/30/2026,8:06 AM,105.5,3,,0,41.9,825,60.63,232.7,7207,2.869,4216,345.3,2275,4.7 R,2.705,2525,-35.0,9.0 R
Demo Athlete 10,DEMO010,CMJ,9/30/2026,10:04 AM,82.6,3,,0,51.4,830,64.58,182.1,6900,3.175,3705,298.3,2070,2.4 R,2.955,2282,-33.1,0.4 L
Demo Athlete 20,DEMO020,CMJ,9/30/2026,9:50 AM,84.1,3,,0,47.7,894,65.47,185.5,7824,3.060,4125,300.2,2136,9.1 L,2.891,2351,-30.0,11.0 L
